"page_id","section","service","capability","slice_id","page_type","target_path","route_path","actor","allowed_actions","api_contract","db_dependency","wlt_boundary","permissions","states_required","filters_required","table_columns_required","bulk_actions_allowed","audit_required","visual_reference_required","evidence_required","status","next_action"
"CP-001","partners","dsh","partner-orders","DSH-006","review","services/dsh/frontend/control-panel/partners/PartnerApprovalsScreen.tsx","services/dsh/frontend/control-panel/partners/PartnerApprovalsRoute.tsx","operator","inspect and submit explicitly authorized operational decision with reason and evidence","NEW_REQUIRED: DSH-owned control-panel contract in DSH-006","DSH-owned operational read model","Any financial field is an opaque read-only WLT reference","partners function permission plus tenant and object scope; sensitive reads audited; deny by default","loading|empty|error|permission|success|blocked|retry","status,date,owner,search,cursor plus section-specific filters","identifier,status,owner,updatedAt,risk,auditReference plus page-specific facts","no","yes","yes","PartnerApprovalsScreen route render; all declared states; permission denial; filters; action audit where applicable; RTL and overflow screenshots","INVENTORY_ONLY","Implement only in DSH-006 after service contract and read model approval"
"CP-002","partners","dsh","partner-orders","DSH-006","review","services/dsh/frontend/control-panel/partners/PartnerActivationScreen.tsx","services/dsh/frontend/control-panel/partners/PartnerActivationRoute.tsx","operator","read,filter,inspect and navigate","NEW_REQUIRED: DSH-owned control-panel contract in DSH-006","DSH-owned operational read model","Any financial field is an opaque read-only WLT reference","partners function permission plus tenant and object scope; sensitive reads audited; deny by default","loading|empty|error|permission|success|blocked|retry","status,date,owner,search,cursor plus section-specific filters","identifier,status,owner,updatedAt,risk,auditReference plus page-specific facts","no","yes for sensitive reads or actions","yes","PartnerActivationScreen route render; all declared states; permission denial; filters; action audit where applicable; RTL and overflow screenshots","INVENTORY_ONLY","Implement only in DSH-006 after service contract and read model approval"
"CP-003","partners","dsh","partner-orders","DSH-006","review","services/dsh/frontend/control-panel/partners/PartnerDocumentReviewScreen.tsx","services/dsh/frontend/control-panel/partners/PartnerDocumentReviewRoute.tsx","operator","inspect and submit explicitly authorized operational decision with reason and evidence","NEW_REQUIRED: DSH-owned control-panel contract in DSH-006","DSH-owned operational read model","Any financial field is an opaque read-only WLT reference","partners function permission plus tenant and object scope; sensitive reads audited; deny by default","loading|empty|error|permission|success|blocked|retry","status,date,owner,search,cursor plus section-specific filters","identifier,status,owner,updatedAt,risk,auditReference plus page-specific facts","no","yes","yes","PartnerDocumentReviewScreen route render; all declared states; permission denial; filters; action audit where applicable; RTL and overflow screenshots","INVENTORY_ONLY","Implement only in DSH-006 after service contract and read model approval"
"CP-004","partners","dsh","partner-orders","DSH-006","data-table","services/dsh/frontend/control-panel/partners/PartnerReadinessScreen.tsx","services/dsh/frontend/control-panel/partners/PartnerReadinessRoute.tsx","operator","inspect and submit explicitly authorized operational decision with reason and evidence","NEW_REQUIRED: DSH-owned control-panel contract in DSH-006","DSH-owned operational read model","Any financial field is an opaque read-only WLT reference","partners function permission plus tenant and object scope; sensitive reads audited; deny by default","loading|empty|error|permission|success|blocked|retry","status,date,owner,search,cursor plus section-specific filters","identifier,status,owner,updatedAt,risk,auditReference plus page-specific facts","no","yes","yes","PartnerReadinessScreen route render; all declared states; permission denial; filters; action audit where applicable; RTL and overflow screenshots","INVENTORY_ONLY","Implement only in DSH-006 after service contract and read model approval"
"CP-005","partners","dsh","partner-orders","DSH-006","review","services/dsh/frontend/control-panel/partners/PartnerDeactivationScreen.tsx","services/dsh/frontend/control-panel/partners/PartnerDeactivationRoute.tsx","operator","read,filter,inspect and navigate","NEW_REQUIRED: DSH-owned control-panel contract in DSH-006","DSH-owned operational read model","Any financial field is an opaque read-only WLT reference","partners function permission plus tenant and object scope; sensitive reads audited; deny by default","loading|empty|error|permission|success|blocked|retry","status,date,owner,search,cursor plus section-specific filters","identifier,status,owner,updatedAt,risk,auditReference plus page-specific facts","no","yes for sensitive reads or actions","yes","PartnerDeactivationScreen route render; all declared states; permission denial; filters; action audit where applicable; RTL and overflow screenshots","INVENTORY_ONLY","Implement only in DSH-006 after service contract and read model approval"
"CP-006","partners","dsh","partner-orders","DSH-006","data-table","services/dsh/frontend/control-panel/partners/PartnerFulfillmentLaneScreen.tsx","services/dsh/frontend/control-panel/partners/PartnerFulfillmentLaneRoute.tsx","operator","read,filter,inspect and navigate","NEW_REQUIRED: DSH-owned control-panel contract in DSH-006","DSH-owned operational read model","Any financial field is an opaque read-only WLT reference","partners function permission plus tenant and object scope; sensitive reads audited; deny by default","loading|empty|error|permission|success|blocked|retry","status,date,owner,search,cursor plus section-specific filters","identifier,status,owner,updatedAt,risk,auditReference plus page-specific facts","no","yes for sensitive reads or actions","yes","PartnerFulfillmentLaneScreen route render; all declared states; permission denial; filters; action audit where applicable; RTL and overflow screenshots","INVENTORY_ONLY","Implement only in DSH-006 after service contract and read model approval"
"CP-007","partners","dsh","partner-orders","DSH-006","queue","services/dsh/frontend/control-panel/partners/PartnerIntakeScreen.tsx","services/dsh/frontend/control-panel/partners/PartnerIntakeRoute.tsx","operator","inspect and submit explicitly authorized operational decision with reason and evidence","NEW_REQUIRED: DSH-owned control-panel contract in DSH-006","DSH-owned operational read model","Any financial field is an opaque read-only WLT reference","partners function permission plus tenant and object scope; sensitive reads audited; deny by default","loading|empty|error|permission|success|blocked|retry","status,date,owner,search,cursor plus section-specific filters","identifier,status,owner,updatedAt,risk,auditReference plus page-specific facts","no","yes","yes","PartnerIntakeScreen route render; all declared states; permission denial; filters; action audit where applicable; RTL and overflow screenshots","INVENTORY_ONLY","Implement only in DSH-006 after service contract and read model approval"
"CP-008","operations","dsh","operations-room","DSH-011","overview","services/dsh/frontend/control-panel/operations/OperationsRoomScreen.tsx","services/dsh/frontend/control-panel/operations/OperationsRoomRoute.tsx","operator","read,filter,inspect and navigate","NEW_REQUIRED: DSH-owned control-panel contract in DSH-011","DSH-owned operational read model","Any financial field is an opaque read-only WLT reference","operations function permission plus tenant and object scope; sensitive reads audited; deny by default","loading|empty|error|permission|success|blocked|retry","status,date,owner,search,cursor plus section-specific filters","identifier,status,owner,updatedAt,risk,auditReference plus page-specific facts","no","yes for sensitive reads or actions","yes","OperationsRoomScreen route render; all declared states; permission denial; filters; action audit where applicable; RTL and overflow screenshots","INVENTORY_ONLY","Implement only in DSH-011 after service contract and read model approval"
"CP-009","operations","dsh","operations-room","DSH-011","data-table","services/dsh/frontend/control-panel/operations/CommandCenterScreen.tsx","services/dsh/frontend/control-panel/operations/CommandCenterRoute.tsx","operator","read,filter,inspect and navigate","NEW_REQUIRED: DSH-owned control-panel contract in DSH-011","DSH-owned operational read model","Any financial field is an opaque read-only WLT reference","operations function permission plus tenant and object scope; sensitive reads audited; deny by default","loading|empty|error|permission|success|blocked|retry","status,date,owner,search,cursor plus section-specific filters","identifier,status,owner,updatedAt,risk,auditReference plus page-specific facts","no","yes for sensitive reads or actions","yes","CommandCenterScreen route render; all declared states; permission denial; filters; action audit where applicable; RTL and overflow screenshots","INVENTORY_ONLY","Implement only in DSH-011 after service contract and read model approval"
"CP-010","operations","dsh","operations-room","DSH-011","queue","services/dsh/frontend/control-panel/operations/LiveOrdersScreen.tsx","services/dsh/frontend/control-panel/operations/LiveOrdersRoute.tsx","operator","inspect and submit explicitly authorized operational decision with reason and evidence","NEW_REQUIRED: DSH-owned control-panel contract in DSH-011","DSH-owned operational read model","Any financial field is an opaque read-only WLT reference","operations function permission plus tenant and object scope; sensitive reads audited; deny by default","loading|empty|error|permission|success|blocked|retry","status,date,owner,search,cursor plus section-specific filters","identifier,status,owner,updatedAt,risk,auditReference plus page-specific facts","no","yes","yes","LiveOrdersScreen route render; all declared states; permission denial; filters; action audit where applicable; RTL and overflow screenshots","INVENTORY_ONLY","Implement only in DSH-011 after service contract and read model approval"
"CP-011","operations","dsh","operations-room","DSH-011","queue","services/dsh/frontend/control-panel/operations/DispatchAssignmentScreen.tsx","services/dsh/frontend/control-panel/operations/DispatchAssignmentRoute.tsx","operator","inspect and submit explicitly authorized operational decision with reason and evidence","NEW_REQUIRED: DSH-owned control-panel contract in DSH-011","DSH-owned operational read model","Any financial field is an opaque read-only WLT reference","operations function permission plus tenant and object scope; sensitive reads audited; deny by default","loading|empty|error|permission|success|blocked|retry","status,date,owner,search,cursor plus section-specific filters","identifier,status,owner,updatedAt,risk,auditReference plus page-specific facts","no","yes","yes","DispatchAssignmentScreen route render; all declared states; permission denial; filters; action audit where applicable; RTL and overflow screenshots","INVENTORY_ONLY","Implement only in DSH-011 after service contract and read model approval"
"CP-012","operations","dsh","operations-room","DSH-011","review","services/dsh/frontend/control-panel/operations/OrderRescueScreen.tsx","services/dsh/frontend/control-panel/operations/OrderRescueRoute.tsx","operator","inspect and submit explicitly authorized operational decision with reason and evidence","NEW_REQUIRED: DSH-owned control-panel contract in DSH-011","DSH-owned operational read model","Any financial field is an opaque read-only WLT reference","operations function permission plus tenant and object scope; sensitive reads audited; deny by default","loading|empty|error|permission|success|blocked|retry","status,date,owner,search,cursor plus section-specific filters","identifier,status,owner,updatedAt,risk,auditReference plus page-specific facts","no","yes","yes","OrderRescueScreen route render; all declared states; permission denial; filters; action audit where applicable; RTL and overflow screenshots","INVENTORY_ONLY","Implement only in DSH-011 after service contract and read model approval"
"CP-013","operations","dsh","operations-room","DSH-011","editor","services/dsh/frontend/control-panel/operations/AssistedOrderDeskScreen.tsx","services/dsh/frontend/control-panel/operations/AssistedOrderDeskRoute.tsx","operator","read,filter,inspect and navigate","NEW_REQUIRED: DSH-owned control-panel contract in DSH-011","DSH-owned operational read model","Any financial field is an opaque read-only WLT reference","operations function permission plus tenant and object scope; sensitive reads audited; deny by default","loading|empty|error|permission|success|blocked|retry","status,date,owner,search,cursor plus section-specific filters","identifier,status,owner,updatedAt,risk,auditReference plus page-specific facts","no","yes for sensitive reads or actions","yes","AssistedOrderDeskScreen route render; all declared states; permission denial; filters; action audit where applicable; RTL and overflow screenshots","INVENTORY_ONLY","Implement only in DSH-011 after service contract and read model approval"
"CP-014","operations","dsh","operations-room","DSH-011","metrics","services/dsh/frontend/control-panel/operations/AreaCapacityScreen.tsx","services/dsh/frontend/control-panel/operations/AreaCapacityRoute.tsx","operator","read,filter,inspect and navigate","NEW_REQUIRED: DSH-owned control-panel contract in DSH-011","DSH-owned operational read model","Any financial field is an opaque read-only WLT reference","operations function permission plus tenant and object scope; sensitive reads audited; deny by default","loading|empty|error|permission|success|blocked|retry","context and time range when applicable","not-applicable","no","yes for sensitive reads or actions","yes","AreaCapacityScreen route render; all declared states; permission denial; filters; action audit where applicable; RTL and overflow screenshots","INVENTORY_ONLY","Implement only in DSH-011 after service contract and read model approval"
"CP-015","operations","dsh","operations-room","DSH-011","queue","services/dsh/frontend/control-panel/operations/ExceptionsEscalationsScreen.tsx","services/dsh/frontend/control-panel/operations/ExceptionsEscalationsRoute.tsx","operator","inspect and submit explicitly authorized operational decision with reason and evidence","NEW_REQUIRED: DSH-owned control-panel contract in DSH-011","DSH-owned operational read model","Any financial field is an opaque read-only WLT reference","operations function permission plus tenant and object scope; sensitive reads audited; deny by default","loading|empty|error|permission|success|blocked|retry","status,date,owner,search,cursor plus section-specific filters","identifier,status,owner,updatedAt,risk,auditReference plus page-specific facts","no","yes","yes","ExceptionsEscalationsScreen route render; all declared states; permission denial; filters; action audit where applicable; RTL and overflow screenshots","INVENTORY_ONLY","Implement only in DSH-011 after service contract and read model approval"
"CP-016","operations","dsh","operations-room","DSH-011","metrics","services/dsh/frontend/control-panel/operations/GeoHeatmapScreen.tsx","services/dsh/frontend/control-panel/operations/GeoHeatmapRoute.tsx","operator","read,filter,inspect and navigate","NEW_REQUIRED: DSH-owned control-panel contract in DSH-011","DSH-owned operational read model","Any financial field is an opaque read-only WLT reference","operations function permission plus tenant and object scope; sensitive reads audited; deny by default","loading|empty|error|permission|success|blocked|retry","context and time range when applicable","not-applicable","no","yes for sensitive reads or actions","yes","GeoHeatmapScreen route render; all declared states; permission denial; filters; action audit where applicable; RTL and overflow screenshots","INVENTORY_ONLY","Implement only in DSH-011 after service contract and read model approval"
"CP-017","operations","dsh","operations-room","DSH-011","timeline","services/dsh/frontend/control-panel/operations/AuditSupportSlaScreen.tsx","services/dsh/frontend/control-panel/operations/AuditSupportSlaRoute.tsx","operator","read,filter,inspect and navigate","NEW_REQUIRED: DSH-owned control-panel contract in DSH-011","DSH-owned operational read model","Any financial field is an opaque read-only WLT reference","operations function permission plus tenant and object scope; sensitive reads audited; deny by default","loading|empty|error|permission|success|blocked|retry","context and time range when applicable","identifier,status,owner,updatedAt,risk,auditReference plus page-specific facts","no","yes","yes","AuditSupportSlaScreen route render; all declared states; permission denial; filters; action audit where applicable; RTL and overflow screenshots","INVENTORY_ONLY","Implement only in DSH-011 after service contract and read model approval"
"CP-018","wallet-finance","wlt","payment-session","WLT-001","read-only-finance","services/wlt/frontend/control-panel/wallet-finance/payment-session/PaymentSessionsScreen.tsx","services/wlt/frontend/control-panel/wallet-finance/payment-session/PaymentSessionsRoute.tsx","finance-operator","read,filter,inspect,export authorized WLT reference; no DSH financial mutation","NEW_REQUIRED: WLT-owned read contract in WLT-005","WLT-owned audited read model","wlt-owned-financial-truth","wallet-finance function permission plus tenant and object scope; sensitive reads audited; deny by default","loading|empty|error|permission|success|blocked|retry","status,date,owner,search,cursor plus section-specific filters","identifier,status,owner,updatedAt,risk,auditReference plus page-specific facts","no","yes","yes","PaymentSessionsScreen route render; all declared states; permission denial; filters; action audit where applicable; RTL and overflow screenshots","INVENTORY_ONLY","Implement only in WLT-005 after service contract and read model approval"
"CP-019","wallet-finance","wlt","payment-session","WLT-001","read-only-finance","services/wlt/frontend/control-panel/wallet-finance/payment-session/WalletSummaryScreen.tsx","services/wlt/frontend/control-panel/wallet-finance/payment-session/WalletSummaryRoute.tsx","finance-operator","read,filter,inspect,export authorized WLT reference; no DSH financial mutation","NEW_REQUIRED: WLT-owned read contract in WLT-005","WLT-owned audited read model","wlt-owned-financial-truth","wallet-finance function permission plus tenant and object scope; sensitive reads audited; deny by default","loading|empty|error|permission|success|blocked|retry","status,date,owner,search,cursor plus section-specific filters","identifier,status,owner,updatedAt,risk,auditReference plus page-specific facts","no","yes","yes","WalletSummaryScreen route render; all declared states; permission denial; filters; action audit where applicable; RTL and overflow screenshots","INVENTORY_ONLY","Implement only in WLT-005 after service contract and read model approval"
"CP-020","wallet-finance","wlt","refund-status","WLT-002","read-only-finance","services/wlt/frontend/control-panel/wallet-finance/refund-status/RefundStatusScreen.tsx","services/wlt/frontend/control-panel/wallet-finance/refund-status/RefundStatusRoute.tsx","finance-operator","read,filter,inspect,export authorized WLT reference; no DSH financial mutation","NEW_REQUIRED: WLT-owned read contract in WLT-002","WLT-owned audited read model","wlt-owned-financial-truth","wallet-finance function permission plus tenant and object scope; sensitive reads audited; deny by default","loading|empty|error|permission|success|blocked|retry","status,date,owner,search,cursor plus section-specific filters","identifier,status,owner,updatedAt,risk,auditReference plus page-specific facts","no","yes","yes","RefundStatusScreen route render; all declared states; permission denial; filters; action audit where applicable; RTL and overflow screenshots","INVENTORY_ONLY","Implement only in WLT-002 after service contract and read model approval"
"CP-021","wallet-finance","wlt","settlement-status-read","WLT-003","read-only-finance","services/wlt/frontend/control-panel/wallet-finance/settlement-status-read/SettlementStatusScreen.tsx","services/wlt/frontend/control-panel/wallet-finance/settlement-status-read/SettlementStatusRoute.tsx","finance-operator","read,filter,inspect,export authorized WLT reference; no DSH financial mutation","NEW_REQUIRED: WLT-owned read contract in WLT-003","WLT-owned audited read model","wlt-owned-financial-truth","wallet-finance function permission plus tenant and object scope; sensitive reads audited; deny by default","loading|empty|error|permission|success|blocked|retry","status,date,owner,search,cursor plus section-specific filters","identifier,status,owner,updatedAt,risk,auditReference plus page-specific facts","no","yes","yes","SettlementStatusScreen route render; all declared states; permission denial; filters; action audit where applicable; RTL and overflow screenshots","INVENTORY_ONLY","Implement only in WLT-003 after service contract and read model approval"
"CP-022","wallet-finance","wlt","settlement-status-read","WLT-003","read-only-finance","services/wlt/frontend/control-panel/wallet-finance/settlement-status-read/PayoutStatusScreen.tsx","services/wlt/frontend/control-panel/wallet-finance/settlement-status-read/PayoutStatusRoute.tsx","finance-operator","read,filter,inspect,export authorized WLT reference; no DSH financial mutation","NEW_REQUIRED: WLT-owned read contract in WLT-003","WLT-owned audited read model","wlt-owned-financial-truth","wallet-finance function permission plus tenant and object scope; sensitive reads audited; deny by default","loading|empty|error|permission|success|blocked|retry","status,date,owner,search,cursor plus section-specific filters","identifier,status,owner,updatedAt,risk,auditReference plus page-specific facts","no","yes","yes","PayoutStatusScreen route render; all declared states; permission denial; filters; action audit where applicable; RTL and overflow screenshots","INVENTORY_ONLY","Implement only in WLT-003 after service contract and read model approval"
"CP-023","wallet-finance","wlt","commission-reference","WLT-004","read-only-finance","services/wlt/frontend/control-panel/wallet-finance/commission-reference/CommissionReferenceScreen.tsx","services/wlt/frontend/control-panel/wallet-finance/commission-reference/CommissionReferenceRoute.tsx","finance-operator","read,filter,inspect,export authorized WLT reference; no DSH financial mutation","NEW_REQUIRED: WLT-owned read contract in WLT-004","WLT-owned audited read model","wlt-owned-financial-truth","wallet-finance function permission plus tenant and object scope; sensitive reads audited; deny by default","loading|empty|error|permission|success|blocked|retry","status,date,owner,search,cursor plus section-specific filters","identifier,status,owner,updatedAt,risk,auditReference plus page-specific facts","no","yes","yes","CommissionReferenceScreen route render; all declared states; permission denial; filters; action audit where applicable; RTL and overflow screenshots","INVENTORY_ONLY","Implement only in WLT-004 after service contract and read model approval"
"CP-024","wallet-finance","wlt","cod-reference","WLT-004","read-only-finance","services/wlt/frontend/control-panel/wallet-finance/cod-reference/CodStatusScreen.tsx","services/wlt/frontend/control-panel/wallet-finance/cod-reference/CodStatusRoute.tsx","finance-operator","read,filter,inspect,export authorized WLT reference; no DSH financial mutation","NEW_REQUIRED: WLT-owned read contract in WLT-004","WLT-owned audited read model","wlt-owned-financial-truth","wallet-finance function permission plus tenant and object scope; sensitive reads audited; deny by default","loading|empty|error|permission|success|blocked|retry","status,date,owner,search,cursor plus section-specific filters","identifier,status,owner,updatedAt,risk,auditReference plus page-specific facts","no","yes","yes","CodStatusScreen route render; all declared states; permission denial; filters; action audit where applicable; RTL and overflow screenshots","INVENTORY_ONLY","Implement only in WLT-004 after service contract and read model approval"
"CP-025","wallet-finance","wlt","minimal-ledger-reference","WLT-005","timeline","services/wlt/frontend/control-panel/wallet-finance/minimal-ledger-reference/LedgerAuditScreen.tsx","services/wlt/frontend/control-panel/wallet-finance/minimal-ledger-reference/LedgerAuditRoute.tsx","finance-operator","read,filter,inspect,export authorized WLT reference; no DSH financial mutation","NEW_REQUIRED: WLT-owned read contract in WLT-005","WLT-owned audited read model","wlt-owned-financial-truth","wallet-finance function permission plus tenant and object scope; sensitive reads audited; deny by default","loading|empty|error|permission|success|blocked|retry","status,date,owner,search,cursor plus section-specific filters","identifier,status,owner,updatedAt,risk,auditReference plus page-specific facts","no","yes","yes","LedgerAuditScreen route render; all declared states; permission denial; filters; action audit where applicable; RTL and overflow screenshots","INVENTORY_ONLY","Implement only in WLT-005 after service contract and read model approval"
"CP-026","wallet-finance","wlt","reconciliation","WLT-005","timeline","services/wlt/frontend/control-panel/wallet-finance/reconciliation/ReconciliationScreen.tsx","services/wlt/frontend/control-panel/wallet-finance/reconciliation/ReconciliationRoute.tsx","finance-operator","read,filter,inspect,export authorized WLT reference; no DSH financial mutation","NEW_REQUIRED: WLT-owned read contract in WLT-003","WLT-owned audited read model","wlt-owned-financial-truth","wallet-finance function permission plus tenant and object scope; sensitive reads audited; deny by default","loading|empty|error|permission|success|blocked|retry","status,date,owner,search,cursor plus section-specific filters","identifier,status,owner,updatedAt,risk,auditReference plus page-specific facts","no","yes","yes","ReconciliationScreen route render; all declared states; permission denial; filters; action audit where applicable; RTL and overflow screenshots","INVENTORY_ONLY","Implement only in WLT-003 after service contract and read model approval"
"CP-027","wallet-finance","wlt","reconciliation","WLT-005","read-only-finance","services/wlt/frontend/control-panel/wallet-finance/reconciliation/DailyReconciliationScreen.tsx","services/wlt/frontend/control-panel/wallet-finance/reconciliation/DailyReconciliationRoute.tsx","finance-operator","read,filter,inspect,export authorized WLT reference; no DSH financial mutation","NEW_REQUIRED: WLT-owned read contract in WLT-003","WLT-owned audited read model","wlt-owned-financial-truth","wallet-finance function permission plus tenant and object scope; sensitive reads audited; deny by default","loading|empty|error|permission|success|blocked|retry","status,date,owner,search,cursor plus section-specific filters","identifier,status,owner,updatedAt,risk,auditReference plus page-specific facts","no","yes","yes","DailyReconciliationScreen route render; all declared states; permission denial; filters; action audit where applicable; RTL and overflow screenshots","INVENTORY_ONLY","Implement only in WLT-003 after service contract and read model approval"
"CP-028","wallet-finance","wlt","minimal-ledger-reference","WLT-005","timeline","services/wlt/frontend/control-panel/wallet-finance/minimal-ledger-reference/FinanceAuditScreen.tsx","services/wlt/frontend/control-panel/wallet-finance/minimal-ledger-reference/FinanceAuditRoute.tsx","finance-operator","read,filter,inspect,export authorized WLT reference; no DSH financial mutation","NEW_REQUIRED: WLT-owned read contract in WLT-005","WLT-owned audited read model","wlt-owned-financial-truth","wallet-finance function permission plus tenant and object scope; sensitive reads audited; deny by default","loading|empty|error|permission|success|blocked|retry","status,date,owner,search,cursor plus section-specific filters","identifier,status,owner,updatedAt,risk,auditReference plus page-specific facts","no","yes","yes","FinanceAuditScreen route render; all declared states; permission denial; filters; action audit where applicable; RTL and overflow screenshots","INVENTORY_ONLY","Implement only in WLT-005 after service contract and read model approval"
"CP-029","support","dsh","support-queue","DSH-014","queue","services/dsh/frontend/control-panel/support/SupportQueueScreen.tsx","services/dsh/frontend/control-panel/support/SupportQueueRoute.tsx","operator","inspect and submit explicitly authorized operational decision with reason and evidence","NEW_REQUIRED: DSH-owned control-panel contract in DSH-011","DSH-owned operational read model","Any financial field is an opaque read-only WLT reference","support function permission plus tenant and object scope; sensitive reads audited; deny by default","loading|empty|error|permission|success|blocked|retry","status,date,owner,search,cursor plus section-specific filters","identifier,status,owner,updatedAt,risk,auditReference plus page-specific facts","no","yes","yes","SupportQueueScreen route render; all declared states; permission denial; filters; action audit where applicable; RTL and overflow screenshots","INVENTORY_ONLY","Implement only in DSH-011 after service contract and read model approval"
"CP-030","support","dsh","support-queue","DSH-014","data-table","services/dsh/frontend/control-panel/support/SupportTicketListScreen.tsx","services/dsh/frontend/control-panel/support/SupportTicketListRoute.tsx","operator","read,filter,inspect and navigate","NEW_REQUIRED: DSH-owned control-panel contract in DSH-011","DSH-owned operational read model","Any financial field is an opaque read-only WLT reference","support function permission plus tenant and object scope; sensitive reads audited; deny by default","loading|empty|error|permission|success|blocked|retry","status,date,owner,search,cursor plus section-specific filters","identifier,status,owner,updatedAt,risk,auditReference plus page-specific facts","no","yes for sensitive reads or actions","yes","SupportTicketListScreen route render; all declared states; permission denial; filters; action audit where applicable; RTL and overflow screenshots","INVENTORY_ONLY","Implement only in DSH-011 after service contract and read model approval"
"CP-031","support","dsh","support-queue","DSH-014","detail","services/dsh/frontend/control-panel/support/SupportTicketDetailScreen.tsx","services/dsh/frontend/control-panel/support/SupportTicketDetailRoute.tsx","operator","read,filter,inspect and navigate","NEW_REQUIRED: DSH-owned control-panel contract in DSH-011","DSH-owned operational read model","Any financial field is an opaque read-only WLT reference","support function permission plus tenant and object scope; sensitive reads audited; deny by default","loading|empty|error|permission|success|blocked|retry","context and time range when applicable","not-applicable","no","yes for sensitive reads or actions","yes","SupportTicketDetailScreen route render; all declared states; permission denial; filters; action audit where applicable; RTL and overflow screenshots","INVENTORY_ONLY","Implement only in DSH-011 after service contract and read model approval"
"CP-032","support","dsh","support-queue","DSH-014","queue","services/dsh/frontend/control-panel/support/SupportEscalationQueueScreen.tsx","services/dsh/frontend/control-panel/support/SupportEscalationQueueRoute.tsx","operator","inspect and submit explicitly authorized operational decision with reason and evidence","NEW_REQUIRED: DSH-owned control-panel contract in DSH-011","DSH-owned operational read model","Any financial field is an opaque read-only WLT reference","support function permission plus tenant and object scope; sensitive reads audited; deny by default","loading|empty|error|permission|success|blocked|retry","status,date,owner,search,cursor plus section-specific filters","identifier,status,owner,updatedAt,risk,auditReference plus page-specific facts","no","yes","yes","SupportEscalationQueueScreen route render; all declared states; permission denial; filters; action audit where applicable; RTL and overflow screenshots","INVENTORY_ONLY","Implement only in DSH-011 after service contract and read model approval"
"CP-033","support","dsh","support-queue","DSH-014","metrics","services/dsh/frontend/control-panel/support/SupportSlaDashboardScreen.tsx","services/dsh/frontend/control-panel/support/SupportSlaDashboardRoute.tsx","operator","read,filter,inspect and navigate","NEW_REQUIRED: DSH-owned control-panel contract in DSH-011","DSH-owned operational read model","Any financial field is an opaque read-only WLT reference","support function permission plus tenant and object scope; sensitive reads audited; deny by default","loading|empty|error|permission|success|blocked|retry","context and time range when applicable","not-applicable","no","yes for sensitive reads or actions","yes","SupportSlaDashboardScreen route render; all declared states; permission denial; filters; action audit where applicable; RTL and overflow screenshots","INVENTORY_ONLY","Implement only in DSH-011 after service contract and read model approval"
"CP-034","support","dsh","support-queue","DSH-014","detail","services/dsh/frontend/control-panel/support/Customer360Screen.tsx","services/dsh/frontend/control-panel/support/Customer360Route.tsx","operator","read,filter,inspect and navigate","NEW_REQUIRED: DSH-owned control-panel contract in DSH-011","DSH-owned operational read model","Any financial field is an opaque read-only WLT reference","support function permission plus tenant and object scope; sensitive reads audited; deny by default","loading|empty|error|permission|success|blocked|retry","context and time range when applicable","not-applicable","no","yes for sensitive reads or actions","yes","Customer360Screen route render; all declared states; permission denial; filters; action audit where applicable; RTL and overflow screenshots","INVENTORY_ONLY","Implement only in DSH-011 after service contract and read model approval"
"CP-035","support","dsh","support-queue","DSH-014","editor","services/dsh/frontend/control-panel/support/ManualCallIntakeScreen.tsx","services/dsh/frontend/control-panel/support/ManualCallIntakeRoute.tsx","operator","inspect and submit explicitly authorized operational decision with reason and evidence","NEW_REQUIRED: DSH-owned control-panel contract in DSH-011","DSH-owned operational read model","Any financial field is an opaque read-only WLT reference","support function permission plus tenant and object scope; sensitive reads audited; deny by default","loading|empty|error|permission|success|blocked|retry","status,date,owner,search,cursor plus section-specific filters","identifier,status,owner,updatedAt,risk,auditReference plus page-specific facts","no","yes","yes","ManualCallIntakeScreen route render; all declared states; permission denial; filters; action audit where applicable; RTL and overflow screenshots","INVENTORY_ONLY","Implement only in DSH-011 after service contract and read model approval"
"CP-036","support","dsh","support-queue","DSH-014","queue","services/dsh/frontend/control-panel/support/ClientMessagingWorkspaceScreen.tsx","services/dsh/frontend/control-panel/support/ClientMessagingWorkspaceRoute.tsx","operator","read,filter,inspect and navigate","NEW_REQUIRED: DSH-owned control-panel contract in DSH-011","DSH-owned operational read model","Any financial field is an opaque read-only WLT reference","support function permission plus tenant and object scope; sensitive reads audited; deny by default","loading|empty|error|permission|success|blocked|retry","status,date,owner,search,cursor plus section-specific filters","identifier,status,owner,updatedAt,risk,auditReference plus page-specific facts","no","yes for sensitive reads or actions","yes","ClientMessagingWorkspaceScreen route render; all declared states; permission denial; filters; action audit where applicable; RTL and overflow screenshots","INVENTORY_ONLY","Implement only in DSH-011 after service contract and read model approval"
"CP-037","support","dsh","support-queue","DSH-014","queue","services/dsh/frontend/control-panel/support/PartnerMessagingWorkspaceScreen.tsx","services/dsh/frontend/control-panel/support/PartnerMessagingWorkspaceRoute.tsx","operator","read,filter,inspect and navigate","NEW_REQUIRED: DSH-owned control-panel contract in DSH-011","DSH-owned operational read model","Any financial field is an opaque read-only WLT reference","support function permission plus tenant and object scope; sensitive reads audited; deny by default","loading|empty|error|permission|success|blocked|retry","status,date,owner,search,cursor plus section-specific filters","identifier,status,owner,updatedAt,risk,auditReference plus page-specific facts","no","yes for sensitive reads or actions","yes","PartnerMessagingWorkspaceScreen route render; all declared states; permission denial; filters; action audit where applicable; RTL and overflow screenshots","INVENTORY_ONLY","Implement only in DSH-011 after service contract and read model approval"
"CP-038","support","dsh","support-queue","DSH-014","queue","services/dsh/frontend/control-panel/support/CaptainMessagingWorkspaceScreen.tsx","services/dsh/frontend/control-panel/support/CaptainMessagingWorkspaceRoute.tsx","operator","read,filter,inspect and navigate","NEW_REQUIRED: DSH-owned control-panel contract in DSH-011","DSH-owned operational read model","Any financial field is an opaque read-only WLT reference","support function permission plus tenant and object scope; sensitive reads audited; deny by default","loading|empty|error|permission|success|blocked|retry","status,date,owner,search,cursor plus section-specific filters","identifier,status,owner,updatedAt,risk,auditReference plus page-specific facts","no","yes for sensitive reads or actions","yes","CaptainMessagingWorkspaceScreen route render; all declared states; permission denial; filters; action audit where applicable; RTL and overflow screenshots","INVENTORY_ONLY","Implement only in DSH-011 after service contract and read model approval"
"CP-039","support","dsh","support-queue","DSH-014","timeline","services/dsh/frontend/control-panel/support/SupportAuditTrailScreen.tsx","services/dsh/frontend/control-panel/support/SupportAuditTrailRoute.tsx","operator","read,filter,inspect and navigate","NEW_REQUIRED: DSH-owned control-panel contract in DSH-011","DSH-owned operational read model","Any financial field is an opaque read-only WLT reference","support function permission plus tenant and object scope; sensitive reads audited; deny by default","loading|empty|error|permission|success|blocked|retry","context and time range when applicable","identifier,status,owner,updatedAt,risk,auditReference plus page-specific facts","no","yes","yes","SupportAuditTrailScreen route render; all declared states; permission denial; filters; action audit where applicable; RTL and overflow screenshots","INVENTORY_ONLY","Implement only in DSH-011 after service contract and read model approval"
"CP-040","marketing","dsh","marketing","DSH-015","overview","services/dsh/frontend/control-panel/marketing/MarketingHubScreen.tsx","services/dsh/frontend/control-panel/marketing/MarketingHubRoute.tsx","operator","read,filter,inspect and navigate","NEW_REQUIRED: DSH-owned control-panel contract in DSH-011","DSH-owned operational read model","Any financial field is an opaque read-only WLT reference","marketing function permission plus tenant and object scope; sensitive reads audited; deny by default","loading|empty|error|permission|success|blocked|retry","context and time range when applicable","not-applicable","no","yes for sensitive reads or actions","yes","MarketingHubScreen route render; all declared states; permission denial; filters; action audit where applicable; RTL and overflow screenshots","INVENTORY_ONLY","Implement only in DSH-011 after service contract and read model approval"
"CP-041","marketing","dsh","marketing","DSH-015","data-table","services/dsh/frontend/control-panel/marketing/CampaignsScreen.tsx","services/dsh/frontend/control-panel/marketing/CampaignsRoute.tsx","operator","inspect and submit explicitly authorized operational decision with reason and evidence","NEW_REQUIRED: DSH-owned control-panel contract in DSH-011","DSH-owned operational read model","Any financial field is an opaque read-only WLT reference","marketing function permission plus tenant and object scope; sensitive reads audited; deny by default","loading|empty|error|permission|success|blocked|retry","context and time range when applicable","not-applicable","no","yes","yes","CampaignsScreen route render; all declared states; permission denial; filters; action audit where applicable; RTL and overflow screenshots","INVENTORY_ONLY","Implement only in DSH-011 after service contract and read model approval"
"CP-042","marketing","dsh","marketing","DSH-015","data-table","services/dsh/frontend/control-panel/marketing/OffersScreen.tsx","services/dsh/frontend/control-panel/marketing/OffersRoute.tsx","operator","inspect and submit explicitly authorized operational decision with reason and evidence","NEW_REQUIRED: DSH-owned control-panel contract in DSH-011","DSH-owned operational read model","Any financial field is an opaque read-only WLT reference","marketing function permission plus tenant and object scope; sensitive reads audited; deny by default","loading|empty|error|permission|success|blocked|retry","context and time range when applicable","not-applicable","no","yes","yes","OffersScreen route render; all declared states; permission denial; filters; action audit where applicable; RTL and overflow screenshots","INVENTORY_ONLY","Implement only in DSH-011 after service contract and read model approval"
"CP-043","marketing","dsh","marketing-approval","DSH-015","review","services/dsh/frontend/control-panel/marketing/MarketingApprovalScreen.tsx","services/dsh/frontend/control-panel/marketing/MarketingApprovalRoute.tsx","operator","inspect and submit explicitly authorized operational decision with reason and evidence","NEW_REQUIRED: DSH-owned control-panel contract in DSH-011","DSH-owned operational read model","Any financial field is an opaque read-only WLT reference","marketing function permission plus tenant and object scope; sensitive reads audited; deny by default","loading|empty|error|permission|success|blocked|retry","status,date,owner,search,cursor plus section-specific filters","identifier,status,owner,updatedAt,risk,auditReference plus page-specific facts","no","yes","yes","MarketingApprovalScreen route render; all declared states; permission denial; filters; action audit where applicable; RTL and overflow screenshots","INVENTORY_ONLY","Implement only in DSH-011 after service contract and read model approval"
"CP-044","marketing","dsh","marketing","DSH-015","review","services/dsh/frontend/control-panel/marketing/VideoSubmissionsReviewScreen.tsx","services/dsh/frontend/control-panel/marketing/VideoSubmissionsReviewRoute.tsx","operator","inspect and submit explicitly authorized operational decision with reason and evidence","NEW_REQUIRED: DSH-owned control-panel contract in DSH-011","DSH-owned operational read model","Any financial field is an opaque read-only WLT reference","marketing function permission plus tenant and object scope; sensitive reads audited; deny by default","loading|empty|error|permission|success|blocked|retry","status,date,owner,search,cursor plus section-specific filters","identifier,status,owner,updatedAt,risk,auditReference plus page-specific facts","no","yes","yes","VideoSubmissionsReviewScreen route render; all declared states; permission denial; filters; action audit where applicable; RTL and overflow screenshots","INVENTORY_ONLY","Implement only in DSH-011 after service contract and read model approval"
"CP-045","marketing","dsh","marketing","DSH-015","editor","services/dsh/frontend/control-panel/marketing/MediaCampaignScreen.tsx","services/dsh/frontend/control-panel/marketing/MediaCampaignRoute.tsx","operator","inspect and submit explicitly authorized operational decision with reason and evidence","NEW_REQUIRED: DSH-owned control-panel contract in DSH-011","DSH-owned operational read model","Any financial field is an opaque read-only WLT reference","marketing function permission plus tenant and object scope; sensitive reads audited; deny by default","loading|empty|error|permission|success|blocked|retry","context and time range when applicable","not-applicable","no","yes","yes","MediaCampaignScreen route render; all declared states; permission denial; filters; action audit where applicable; RTL and overflow screenshots","INVENTORY_ONLY","Implement only in DSH-011 after service contract and read model approval"
"CP-046","catalog","dsh","catalog-governance","DSH-002","data-table","services/dsh/frontend/control-panel/catalog/CatalogManagementScreen.tsx","services/dsh/frontend/control-panel/catalog/CatalogManagementRoute.tsx","operator","inspect and submit explicitly authorized operational decision with reason and evidence","NEW_REQUIRED: DSH-owned control-panel contract in DSH-002","DSH-owned operational read model","Any financial field is an opaque read-only WLT reference","catalog function permission plus tenant and object scope; sensitive reads audited; deny by default","loading|empty|error|permission|success|blocked|retry","context and time range when applicable","not-applicable","no","yes","yes","CatalogManagementScreen route render; all declared states; permission denial; filters; action audit where applicable; RTL and overflow screenshots","INVENTORY_ONLY","Implement only in DSH-002 after service contract and read model approval"
"CP-047","catalog","dsh","catalog-governance","DSH-002","data-table","services/dsh/frontend/control-panel/catalog/CategoriesScreen.tsx","services/dsh/frontend/control-panel/catalog/CategoriesRoute.tsx","operator","read,filter,inspect and navigate","NEW_REQUIRED: DSH-owned control-panel contract in DSH-002","DSH-owned operational read model","Any financial field is an opaque read-only WLT reference","catalog function permission plus tenant and object scope; sensitive reads audited; deny by default","loading|empty|error|permission|success|blocked|retry","status,date,owner,search,cursor plus section-specific filters","identifier,status,owner,updatedAt,risk,auditReference plus page-specific facts","no","yes for sensitive reads or actions","yes","CategoriesScreen route render; all declared states; permission denial; filters; action audit where applicable; RTL and overflow screenshots","INVENTORY_ONLY","Implement only in DSH-002 after service contract and read model approval"
"CP-048","catalog","dsh","catalog-governance","DSH-002","data-table","services/dsh/frontend/control-panel/catalog/ProductsScreen.tsx","services/dsh/frontend/control-panel/catalog/ProductsRoute.tsx","operator","read,filter,inspect and navigate","NEW_REQUIRED: DSH-owned control-panel contract in DSH-002","DSH-owned operational read model","Any financial field is an opaque read-only WLT reference","catalog function permission plus tenant and object scope; sensitive reads audited; deny by default","loading|empty|error|permission|success|blocked|retry","status,date,owner,search,cursor plus section-specific filters","identifier,status,owner,updatedAt,risk,auditReference plus page-specific facts","no","yes for sensitive reads or actions","yes","ProductsScreen route render; all declared states; permission denial; filters; action audit where applicable; RTL and overflow screenshots","INVENTORY_ONLY","Implement only in DSH-002 after service contract and read model approval"
"CP-049","catalog","dsh","catalog-governance","DSH-002","review","services/dsh/frontend/control-panel/catalog/ItemApprovalScreen.tsx","services/dsh/frontend/control-panel/catalog/ItemApprovalRoute.tsx","operator","inspect and submit explicitly authorized operational decision with reason and evidence","NEW_REQUIRED: DSH-owned control-panel contract in DSH-002","DSH-owned operational read model","Any financial field is an opaque read-only WLT reference","catalog function permission plus tenant and object scope; sensitive reads audited; deny by default","loading|empty|error|permission|success|blocked|retry","status,date,owner,search,cursor plus section-specific filters","identifier,status,owner,updatedAt,risk,auditReference plus page-specific facts","no","yes","yes","ItemApprovalScreen route render; all declared states; permission denial; filters; action audit where applicable; RTL and overflow screenshots","INVENTORY_ONLY","Implement only in DSH-002 after service contract and read model approval"
"CP-050","catalog","dsh","catalog-governance","DSH-002","review","services/dsh/frontend/control-panel/catalog/ListingGovernanceScreen.tsx","services/dsh/frontend/control-panel/catalog/ListingGovernanceRoute.tsx","operator","read,filter,inspect and navigate","NEW_REQUIRED: DSH-owned control-panel contract in DSH-002","DSH-owned operational read model","Any financial field is an opaque read-only WLT reference","catalog function permission plus tenant and object scope; sensitive reads audited; deny by default","loading|empty|error|permission|success|blocked|retry","status,date,owner,search,cursor plus section-specific filters","identifier,status,owner,updatedAt,risk,auditReference plus page-specific facts","no","yes for sensitive reads or actions","yes","ListingGovernanceScreen route render; all declared states; permission denial; filters; action audit where applicable; RTL and overflow screenshots","INVENTORY_ONLY","Implement only in DSH-002 after service contract and read model approval"
"CP-051","catalog","dsh","catalog-governance","DSH-002","detail","services/dsh/frontend/control-panel/catalog/CatalogItemDetailScreen.tsx","services/dsh/frontend/control-panel/catalog/CatalogItemDetailRoute.tsx","operator","read,filter,inspect and navigate","NEW_REQUIRED: DSH-owned control-panel contract in DSH-002","DSH-owned operational read model","Any financial field is an opaque read-only WLT reference","catalog function permission plus tenant and object scope; sensitive reads audited; deny by default","loading|empty|error|permission|success|blocked|retry","context and time range when applicable","not-applicable","no","yes for sensitive reads or actions","yes","CatalogItemDetailScreen route render; all declared states; permission denial; filters; action audit where applicable; RTL and overflow screenshots","INVENTORY_ONLY","Implement only in DSH-002 after service contract and read model approval"
"CP-052","catalog","dsh","catalog-governance","DSH-002","data-table","services/dsh/frontend/control-panel/catalog/CatalogIdentityGovernanceScreen.tsx","services/dsh/frontend/control-panel/catalog/CatalogIdentityGovernanceRoute.tsx","operator","read,filter,inspect and navigate","NEW_REQUIRED: DSH-owned control-panel contract in DSH-002","DSH-owned operational read model","Any financial field is an opaque read-only WLT reference","catalog function permission plus tenant and object scope; sensitive reads audited; deny by default","loading|empty|error|permission|success|blocked|retry","status,date,owner,search,cursor plus section-specific filters","identifier,status,owner,updatedAt,risk,auditReference plus page-specific facts","no","yes for sensitive reads or actions","yes","CatalogIdentityGovernanceScreen route render; all declared states; permission denial; filters; action audit where applicable; RTL and overflow screenshots","INVENTORY_ONLY","Implement only in DSH-002 after service contract and read model approval"
"CP-053","catalog","dsh","catalog-governance","DSH-002","data-table","services/dsh/frontend/control-panel/catalog/CatalogDuplicateResolutionScreen.tsx","services/dsh/frontend/control-panel/catalog/CatalogDuplicateResolutionRoute.tsx","operator","read,filter,inspect and navigate","NEW_REQUIRED: DSH-owned control-panel contract in DSH-002","DSH-owned operational read model","Any financial field is an opaque read-only WLT reference","catalog function permission plus tenant and object scope; sensitive reads audited; deny by default","loading|empty|error|permission|success|blocked|retry","status,date,owner,search,cursor plus section-specific filters","identifier,status,owner,updatedAt,risk,auditReference plus page-specific facts","no","yes for sensitive reads or actions","yes","CatalogDuplicateResolutionScreen route render; all declared states; permission denial; filters; action audit where applicable; RTL and overflow screenshots","INVENTORY_ONLY","Implement only in DSH-002 after service contract and read model approval"
"CP-054","catalog","dsh","catalog-governance","DSH-002","data-table","services/dsh/frontend/control-panel/catalog/CatalogVisibilityPolicyScreen.tsx","services/dsh/frontend/control-panel/catalog/CatalogVisibilityPolicyRoute.tsx","operator","read,filter,inspect and navigate","NEW_REQUIRED: DSH-owned control-panel contract in DSH-002","DSH-owned operational read model","Any financial field is an opaque read-only WLT reference","catalog function permission plus tenant and object scope; sensitive reads audited; deny by default","loading|empty|error|permission|success|blocked|retry","status,date,owner,search,cursor plus section-specific filters","identifier,status,owner,updatedAt,risk,auditReference plus page-specific facts","no","yes for sensitive reads or actions","yes","CatalogVisibilityPolicyScreen route render; all declared states; permission denial; filters; action audit where applicable; RTL and overflow screenshots","INVENTORY_ONLY","Implement only in DSH-002 after service contract and read model approval"
"CP-055","catalog","dsh","catalog-governance","DSH-002","data-table","services/dsh/frontend/control-panel/catalog/CatalogPartnerHandoffScreen.tsx","services/dsh/frontend/control-panel/catalog/CatalogPartnerHandoffRoute.tsx","operator","read,filter,inspect and navigate","NEW_REQUIRED: DSH-owned control-panel contract in DSH-002","DSH-owned operational read model","Any financial field is an opaque read-only WLT reference","catalog function permission plus tenant and object scope; sensitive reads audited; deny by default","loading|empty|error|permission|success|blocked|retry","status,date,owner,search,cursor plus section-specific filters","identifier,status,owner,updatedAt,risk,auditReference plus page-specific facts","no","yes for sensitive reads or actions","yes","CatalogPartnerHandoffScreen route render; all declared states; permission denial; filters; action audit where applicable; RTL and overflow screenshots","INVENTORY_ONLY","Implement only in DSH-002 after service contract and read model approval"
"CP-056","catalog","dsh","catalog-governance","DSH-002","review","services/dsh/frontend/control-panel/catalog/CatalogMediaGovernanceScreen.tsx","services/dsh/frontend/control-panel/catalog/CatalogMediaGovernanceRoute.tsx","operator","read,filter,inspect and navigate","NEW_REQUIRED: DSH-owned control-panel contract in DSH-002","DSH-owned operational read model","Any financial field is an opaque read-only WLT reference","catalog function permission plus tenant and object scope; sensitive reads audited; deny by default","loading|empty|error|permission|success|blocked|retry","status,date,owner,search,cursor plus section-specific filters","identifier,status,owner,updatedAt,risk,auditReference plus page-specific facts","no","yes for sensitive reads or actions","yes","CatalogMediaGovernanceScreen route render; all declared states; permission denial; filters; action audit where applicable; RTL and overflow screenshots","INVENTORY_ONLY","Implement only in DSH-002 after service contract and read model approval"
"CP-057","catalog","dsh","catalog-governance","DSH-002","editor","services/dsh/frontend/control-panel/catalog/CatalogQuickEntryDraftScreen.tsx","services/dsh/frontend/control-panel/catalog/CatalogQuickEntryDraftRoute.tsx","operator","inspect and submit explicitly authorized operational decision with reason and evidence","NEW_REQUIRED: DSH-owned control-panel contract in DSH-002","DSH-owned operational read model","Any financial field is an opaque read-only WLT reference","catalog function permission plus tenant and object scope; sensitive reads audited; deny by default","loading|empty|error|permission|success|blocked|retry","context and time range when applicable","not-applicable","no","yes","yes","CatalogQuickEntryDraftScreen route render; all declared states; permission denial; filters; action audit where applicable; RTL and overflow screenshots","INVENTORY_ONLY","Implement only in DSH-002 after service contract and read model approval"
"CP-058","catalog","dsh","catalog-governance","DSH-002","data-table","services/dsh/frontend/control-panel/catalog/CatalogTaxonomyGovernanceScreen.tsx","services/dsh/frontend/control-panel/catalog/CatalogTaxonomyGovernanceRoute.tsx","operator","read,filter,inspect and navigate","NEW_REQUIRED: DSH-owned control-panel contract in DSH-002","DSH-owned operational read model","Any financial field is an opaque read-only WLT reference","catalog function permission plus tenant and object scope; sensitive reads audited; deny by default","loading|empty|error|permission|success|blocked|retry","status,date,owner,search,cursor plus section-specific filters","identifier,status,owner,updatedAt,risk,auditReference plus page-specific facts","no","yes for sensitive reads or actions","yes","CatalogTaxonomyGovernanceScreen route render; all declared states; permission denial; filters; action audit where applicable; RTL and overflow screenshots","INVENTORY_ONLY","Implement only in DSH-002 after service contract and read model approval"
"CP-059","catalog","dsh","catalog-governance","DSH-002","data-table","services/dsh/frontend/control-panel/catalog/CatalogBulkOperationsScreen.tsx","services/dsh/frontend/control-panel/catalog/CatalogBulkOperationsRoute.tsx","operator","read,filter,inspect and navigate","NEW_REQUIRED: DSH-owned control-panel contract in DSH-002","DSH-owned operational read model","Any financial field is an opaque read-only WLT reference","catalog function permission plus tenant and object scope; sensitive reads audited; deny by default","loading|empty|error|permission|success|blocked|retry","status,date,owner,search,cursor plus section-specific filters","identifier,status,owner,updatedAt,risk,auditReference plus page-specific facts","proposal-only; explicit selection, confirmation, permission and audit","yes for sensitive reads or actions","yes","CatalogBulkOperationsScreen route render; all declared states; permission denial; filters; action audit where applicable; RTL and overflow screenshots","INVENTORY_ONLY","Implement only in DSH-002 after service contract and read model approval"
"CP-060","catalog","dsh","catalog-governance","DSH-002","timeline","services/dsh/frontend/control-panel/catalog/CatalogAuditTrailScreen.tsx","services/dsh/frontend/control-panel/catalog/CatalogAuditTrailRoute.tsx","operator","read,filter,inspect and navigate","NEW_REQUIRED: DSH-owned control-panel contract in DSH-002","DSH-owned operational read model","Any financial field is an opaque read-only WLT reference","catalog function permission plus tenant and object scope; sensitive reads audited; deny by default","loading|empty|error|permission|success|blocked|retry","context and time range when applicable","identifier,status,owner,updatedAt,risk,auditReference plus page-specific facts","no","yes","yes","CatalogAuditTrailScreen route render; all declared states; permission denial; filters; action audit where applicable; RTL and overflow screenshots","INVENTORY_ONLY","Implement only in DSH-002 after service contract and read model approval"
"CP-061","catalog","dsh","catalog-governance","DSH-002","review","services/dsh/frontend/control-panel/catalog/CatalogPublicationReadinessScreen.tsx","services/dsh/frontend/control-panel/catalog/CatalogPublicationReadinessRoute.tsx","operator","inspect and submit explicitly authorized operational decision with reason and evidence","NEW_REQUIRED: DSH-owned control-panel contract in DSH-002","DSH-owned operational read model","Any financial field is an opaque read-only WLT reference","catalog function permission plus tenant and object scope; sensitive reads audited; deny by default","loading|empty|error|permission|success|blocked|retry","status,date,owner,search,cursor plus section-specific filters","identifier,status,owner,updatedAt,risk,auditReference plus page-specific facts","no","yes","yes","CatalogPublicationReadinessScreen route render; all declared states; permission denial; filters; action audit where applicable; RTL and overflow screenshots","INVENTORY_ONLY","Implement only in DSH-002 after service contract and read model approval"
"CP-062","catalog","dsh","catalog-governance","DSH-002","queue","services/dsh/frontend/control-panel/catalog/CatalogAdoptionQueueScreen.tsx","services/dsh/frontend/control-panel/catalog/CatalogAdoptionQueueRoute.tsx","operator","inspect and submit explicitly authorized operational decision with reason and evidence","NEW_REQUIRED: DSH-owned control-panel contract in DSH-002","DSH-owned operational read model","Any financial field is an opaque read-only WLT reference","catalog function permission plus tenant and object scope; sensitive reads audited; deny by default","loading|empty|error|permission|success|blocked|retry","status,date,owner,search,cursor plus section-specific filters","identifier,status,owner,updatedAt,risk,auditReference plus page-specific facts","no","yes","yes","CatalogAdoptionQueueScreen route render; all declared states; permission denial; filters; action audit where applicable; RTL and overflow screenshots","INVENTORY_ONLY","Implement only in DSH-002 after service contract and read model approval"
"CP-063","platform","core","platform-readiness","PLATFORM-001","overview","apps/control-panel/sections/platform/PlatformOverviewScreen.tsx","apps/control-panel/sections/platform/PlatformOverviewRoute.tsx","platform-operator","read,filter,inspect and navigate","NEW_REQUIRED: DSH-owned control-panel contract in DSH-011","DSH-owned operational read model","not-applicable","platform function permission plus tenant and object scope; sensitive reads audited; deny by default","loading|empty|error|permission|success|blocked|retry","context and time range when applicable","not-applicable","no","yes for sensitive reads or actions","yes","PlatformOverviewScreen route render; all declared states; permission denial; filters; action audit where applicable; RTL and overflow screenshots","INVENTORY_ONLY","Implement only in DSH-011 after service contract and read model approval"
"CP-064","platform","core","platform-readiness","PLATFORM-001","settings","apps/control-panel/sections/platform/VarsScreen.tsx","apps/control-panel/sections/platform/VarsRoute.tsx","platform-operator","read,filter,inspect and navigate","NEW_REQUIRED: DSH-owned control-panel contract in DSH-011","DSH-owned operational read model","not-applicable","platform function permission plus tenant and object scope; sensitive reads audited; deny by default","loading|empty|error|permission|success|blocked|retry","context and time range when applicable","not-applicable","no","yes for sensitive reads or actions","yes","VarsScreen route render; all declared states; permission denial; filters; action audit where applicable; RTL and overflow screenshots","INVENTORY_ONLY","Implement only in DSH-011 after service contract and read model approval"
"CP-065","platform","core","platform-readiness","PLATFORM-001","settings","apps/control-panel/sections/platform/AppearanceScreen.tsx","apps/control-panel/sections/platform/AppearanceRoute.tsx","platform-operator","read,filter,inspect and navigate","NEW_REQUIRED: DSH-owned control-panel contract in DSH-011","DSH-owned operational read model","not-applicable","platform function permission plus tenant and object scope; sensitive reads audited; deny by default","loading|empty|error|permission|success|blocked|retry","context and time range when applicable","not-applicable","no","yes for sensitive reads or actions","yes","AppearanceScreen route render; all declared states; permission denial; filters; action audit where applicable; RTL and overflow screenshots","INVENTORY_ONLY","Implement only in DSH-011 after service contract and read model approval"
"CP-066","platform","core","platform-readiness","PLATFORM-001","data-table","apps/control-panel/sections/platform/ServicesRegistryScreen.tsx","apps/control-panel/sections/platform/ServicesRegistryRoute.tsx","platform-operator","read,filter,inspect and navigate","NEW_REQUIRED: DSH-owned control-panel contract in DSH-011","DSH-owned operational read model","not-applicable","platform function permission plus tenant and object scope; sensitive reads audited; deny by default","loading|empty|error|permission|success|blocked|retry","context and time range when applicable","not-applicable","no","yes for sensitive reads or actions","yes","ServicesRegistryScreen route render; all declared states; permission denial; filters; action audit where applicable; RTL and overflow screenshots","INVENTORY_ONLY","Implement only in DSH-011 after service contract and read model approval"
"CP-067","platform","core","platform-readiness","PLATFORM-001","data-table","apps/control-panel/sections/platform/ProvidersScreen.tsx","apps/control-panel/sections/platform/ProvidersRoute.tsx","platform-operator","read,filter,inspect and navigate","NEW_REQUIRED: DSH-owned control-panel contract in DSH-011","DSH-owned operational read model","not-applicable","platform function permission plus tenant and object scope; sensitive reads audited; deny by default","loading|empty|error|permission|success|blocked|retry","context and time range when applicable","not-applicable","no","yes for sensitive reads or actions","yes","ProvidersScreen route render; all declared states; permission denial; filters; action audit where applicable; RTL and overflow screenshots","INVENTORY_ONLY","Implement only in DSH-011 after service contract and read model approval"
"CP-068","platform","core","platform-readiness","PLATFORM-001","timeline","apps/control-panel/sections/platform/RolloutsScreen.tsx","apps/control-panel/sections/platform/RolloutsRoute.tsx","platform-operator","read,filter,inspect and navigate","NEW_REQUIRED: DSH-owned control-panel contract in DSH-011","DSH-owned operational read model","not-applicable","platform function permission plus tenant and object scope; sensitive reads audited; deny by default","loading|empty|error|permission|success|blocked|retry","context and time range when applicable","not-applicable","no","yes for sensitive reads or actions","yes","RolloutsScreen route render; all declared states; permission denial; filters; action audit where applicable; RTL and overflow screenshots","INVENTORY_ONLY","Implement only in DSH-011 after service contract and read model approval"
"CP-069","platform","core","platform-readiness","PLATFORM-001","metrics","apps/control-panel/sections/platform/HealthScreen.tsx","apps/control-panel/sections/platform/HealthRoute.tsx","platform-operator","read,filter,inspect and navigate","NEW_REQUIRED: DSH-owned control-panel contract in DSH-011","DSH-owned operational read model","not-applicable","platform function permission plus tenant and object scope; sensitive reads audited; deny by default","loading|empty|error|permission|success|blocked|retry","context and time range when applicable","not-applicable","no","yes for sensitive reads or actions","yes","HealthScreen route render; all declared states; permission denial; filters; action audit where applicable; RTL and overflow screenshots","INVENTORY_ONLY","Implement only in DSH-011 after service contract and read model approval"
"CP-070","platform","core","platform-readiness","PLATFORM-001","timeline","apps/control-panel/sections/platform/AuditScreen.tsx","apps/control-panel/sections/platform/AuditRoute.tsx","platform-operator","read,filter,inspect and navigate","NEW_REQUIRED: DSH-owned control-panel contract in DSH-011","DSH-owned operational read model","not-applicable","platform function permission plus tenant and object scope; sensitive reads audited; deny by default","loading|empty|error|permission|success|blocked|retry","context and time range when applicable","identifier,status,owner,updatedAt,risk,auditReference plus page-specific facts","no","yes","yes","AuditScreen route render; all declared states; permission denial; filters; action audit where applicable; RTL and overflow screenshots","INVENTORY_ONLY","Implement only in DSH-011 after service contract and read model approval"
"CP-071","platform","core","platform-readiness","PLATFORM-001","settings","apps/control-panel/sections/platform/PermissionsAccessScreen.tsx","apps/control-panel/sections/platform/PermissionsAccessRoute.tsx","platform-operator","read,filter,inspect and navigate","NEW_REQUIRED: DSH-owned control-panel contract in DSH-011","DSH-owned operational read model","not-applicable","platform function permission plus tenant and object scope; sensitive reads audited; deny by default","loading|empty|error|permission|success|blocked|retry","context and time range when applicable","not-applicable","no","yes for sensitive reads or actions","yes","PermissionsAccessScreen route render; all declared states; permission denial; filters; action audit where applicable; RTL and overflow screenshots","INVENTORY_ONLY","Implement only in DSH-011 after service contract and read model approval"
"CP-072","platform","core","platform-readiness","PLATFORM-001","review","apps/control-panel/sections/platform/AdministrationApprovalChainScreen.tsx","apps/control-panel/sections/platform/AdministrationApprovalChainRoute.tsx","platform-operator","inspect and submit explicitly authorized operational decision with reason and evidence","NEW_REQUIRED: DSH-owned control-panel contract in DSH-011","DSH-owned operational read model","not-applicable","platform function permission plus tenant and object scope; sensitive reads audited; deny by default","loading|empty|error|permission|success|blocked|retry","status,date,owner,search,cursor plus section-specific filters","identifier,status,owner,updatedAt,risk,auditReference plus page-specific facts","no","yes","yes","AdministrationApprovalChainScreen route render; all declared states; permission denial; filters; action audit where applicable; RTL and overflow screenshots","INVENTORY_ONLY","Implement only in DSH-011 after service contract and read model approval"
"CP-073","platform","core","platform-readiness","PLATFORM-001","data-table","apps/control-panel/sections/platform/HrReadOnlyScreen.tsx","apps/control-panel/sections/platform/HrReadOnlyRoute.tsx","platform-operator","read,filter,inspect and navigate","NEW_REQUIRED: DSH-owned control-panel contract in DSH-011","DSH-owned operational read model","not-applicable","platform function permission plus tenant and object scope; sensitive reads audited; deny by default","loading|empty|error|permission|success|blocked|retry","status,date,owner,search,cursor plus section-specific filters","identifier,status,owner,updatedAt,risk,auditReference plus page-specific facts","no","yes for sensitive reads or actions","yes","HrReadOnlyScreen route render; all declared states; permission denial; filters; action audit where applicable; RTL and overflow screenshots","INVENTORY_ONLY","Implement only in DSH-011 after service contract and read model approval"
