"journey_id","app","surface","service","capability","slice_id","actor","entry_point","screen_sequence","target_paths","api_contracts","db_dependency","wlt_dependency","permissions","primary_actions","secondary_actions","states_required","offline_or_retry_required","visual_reference_required","evidence_required","status","next_action"
"JRN-001","app-client","app-client","dsh","store-discovery","DSH-001","client","app-client canonical navigation","app-client canonical navigation > StoreDiscoveryScreen loading/permission gate > client-owned data > primary action or detail > authoritative success, empty, blocked, or retry state","services/dsh/frontend/app-client/store-discovery/StoreDiscoveryScreen.tsx","NEW_REQUIRED: GET /dsh/stores or GET /dsh/stores/{storeId}","No local runtime truth; use owning service aggregate/read model only","none unless explicitly declared by slice","For 'StoreDiscoveryScreen': client identity plus own/assigned/store scope appropriate to app-client; deny route and data when scope fails","browse visible serviceable stores and open an authorized store detail","refresh authoritative state; retry safely; preserve permitted draft; open contextual support; return without losing confirmed state","loading|empty|error|permission|offline|retry|success|blocked","bounded retry with no fabricated live data or duplicate write","yes","StoreDiscoveryScreen route, permission, empty/error/offline/retry/success tests plus RTL and small-screen screenshots","BLOCKED_NEEDS_API_CONTRACT","Approve Store Discovery OpenAPI first"
"JRN-002","app-client","app-client","dsh","store-discovery","DSH-001","client","app-client canonical navigation","app-client canonical navigation > StoreDetailsScreen loading/permission gate > client-owned data > primary action or detail > authoritative success, empty, blocked, or retry state","services/dsh/frontend/app-client/store-discovery/StoreDetailsScreen.tsx","NEW_REQUIRED: GET /dsh/stores or GET /dsh/stores/{storeId}","No local runtime truth; use owning service aggregate/read model only","none unless explicitly declared by slice","For 'StoreDetailsScreen': client identity plus own/assigned/store scope appropriate to app-client; deny route and data when scope fails","browse visible serviceable stores and open an authorized store detail","refresh authoritative state; retry safely; preserve permitted draft; open contextual support; return without losing confirmed state","loading|empty|error|permission|offline|retry|success|blocked","bounded retry with no fabricated live data or duplicate write","yes","StoreDetailsScreen route, permission, empty/error/offline/retry/success tests plus RTL and small-screen screenshots","BLOCKED_NEEDS_API_CONTRACT","Approve Store Discovery OpenAPI first"
"JRN-003","app-client","app-client","dsh","storefront-catalog","DSH-002","client","app-client canonical navigation","app-client canonical navigation > StorefrontCatalogScreen loading/permission gate > client-owned data > primary action or detail > authoritative success, empty, blocked, or retry state","services/dsh/frontend/app-client/storefront-catalog/StorefrontCatalogScreen.tsx","NEW_REQUIRED in DSH-002","No local runtime truth; use owning service aggregate/read model only","none unless explicitly declared by slice","For 'StorefrontCatalogScreen': client identity plus own/assigned/store scope appropriate to app-client; deny route and data when scope fails","perform the journey-specific authorized operation","refresh authoritative state; retry safely; preserve permitted draft; open contextual support; return without losing confirmed state","loading|empty|error|permission|offline|retry|success|blocked","bounded retry with no fabricated live data or duplicate write","yes","StorefrontCatalogScreen route, permission, empty/error/offline/retry/success tests plus RTL and small-screen screenshots","INVENTORY_ONLY","Retain until DSH-002 entry gate"
"JRN-004","app-client","app-client","dsh","storefront-catalog","DSH-002","client","app-client canonical navigation","app-client canonical navigation > ProductDetailsScreen loading/permission gate > client-owned data > primary action or detail > authoritative success, empty, blocked, or retry state","services/dsh/frontend/app-client/storefront-catalog/ProductDetailsScreen.tsx","NEW_REQUIRED in DSH-002","No local runtime truth; use owning service aggregate/read model only","none unless explicitly declared by slice","For 'ProductDetailsScreen': client identity plus own/assigned/store scope appropriate to app-client; deny route and data when scope fails","perform the journey-specific authorized operation","refresh authoritative state; retry safely; preserve permitted draft; open contextual support; return without losing confirmed state","loading|empty|error|permission|offline|retry|success|blocked","bounded retry with no fabricated live data or duplicate write","yes","ProductDetailsScreen route, permission, empty/error/offline/retry/success tests plus RTL and small-screen screenshots","INVENTORY_ONLY","Retain until DSH-002 entry gate"
"JRN-005","app-client","app-client","dsh","store-discovery","DSH-001","client","app-client canonical navigation","app-client canonical navigation > SearchFilterScreen loading/permission gate > client-owned data > primary action or detail > authoritative success, empty, blocked, or retry state","services/dsh/frontend/app-client/store-discovery/SearchFilterScreen.tsx","NEW_REQUIRED: GET /dsh/stores or GET /dsh/stores/{storeId}","No local runtime truth; use owning service aggregate/read model only","none unless explicitly declared by slice","For 'SearchFilterScreen': client identity plus own/assigned/store scope appropriate to app-client; deny route and data when scope fails","browse visible serviceable stores and open an authorized store detail","refresh authoritative state; retry safely; preserve permitted draft; open contextual support; return without losing confirmed state","loading|empty|error|permission|offline|retry|success|blocked","bounded retry with no fabricated live data or duplicate write","yes","SearchFilterScreen route, permission, empty/error/offline/retry/success tests plus RTL and small-screen screenshots","BLOCKED_NEEDS_API_CONTRACT","Approve Store Discovery OpenAPI first"
"JRN-006","app-client","app-client","dsh","cart-serviceability","DSH-003","client","app-client canonical navigation","app-client canonical navigation > CartScreen loading/permission gate > client-owned data > primary action or detail > authoritative success, empty, blocked, or retry state","services/dsh/frontend/app-client/cart-serviceability/CartScreen.tsx","NEW_REQUIRED in DSH-003","No local runtime truth; use owning service aggregate/read model only","none unless explicitly declared by slice","For 'CartScreen': client identity plus own/assigned/store scope appropriate to app-client; deny route and data when scope fails","perform the journey-specific authorized operation","refresh authoritative state; retry safely; preserve permitted draft; open contextual support; return without losing confirmed state","loading|empty|error|permission|offline|retry|success|blocked","bounded retry with no fabricated live data or duplicate write","yes","CartScreen route, permission, empty/error/offline/retry/success tests plus RTL and small-screen screenshots","INVENTORY_ONLY","Retain until DSH-003 entry gate"
"JRN-007","app-client","app-client","dsh","address-zone-serviceability","DSH-009","client","app-client canonical navigation","app-client canonical navigation > AddressServiceabilityScreen loading/permission gate > client-owned data > primary action or detail > authoritative success, empty, blocked, or retry state","services/dsh/frontend/app-client/address-zone-serviceability/AddressServiceabilityScreen.tsx","NEW_REQUIRED in DSH-009","No local runtime truth; use owning service aggregate/read model only","none unless explicitly declared by slice","For 'AddressServiceabilityScreen': client identity plus own/assigned/store scope appropriate to app-client; deny route and data when scope fails","perform the journey-specific authorized operation","refresh authoritative state; retry safely; preserve permitted draft; open contextual support; return without losing confirmed state","loading|empty|error|permission|offline|retry|success|blocked","bounded retry with no fabricated live data or duplicate write","yes","AddressServiceabilityScreen route, permission, empty/error/offline/retry/success tests plus RTL and small-screen screenshots","INVENTORY_ONLY","Retain until DSH-009 entry gate"
"JRN-008","app-client","app-client","dsh","checkout-intent","DSH-004","client","app-client canonical navigation","app-client canonical navigation > CheckoutIntentScreen loading/permission gate > client-owned data > primary action or detail > authoritative success, empty, blocked, or retry state","services/dsh/frontend/app-client/checkout-intent/CheckoutIntentScreen.tsx","NEW_REQUIRED in DSH-004","No local runtime truth; use owning service aggregate/read model only","none unless explicitly declared by slice","For 'CheckoutIntentScreen': client identity plus own/assigned/store scope appropriate to app-client; deny route and data when scope fails","perform the journey-specific authorized operation","refresh authoritative state; retry safely; preserve permitted draft; open contextual support; return without losing confirmed state","loading|empty|error|permission|offline|retry|success|blocked","bounded retry with no fabricated live data or duplicate write","yes","CheckoutIntentScreen route, permission, empty/error/offline/retry/success tests plus RTL and small-screen screenshots","INVENTORY_ONLY","Retain until DSH-004 entry gate"
"JRN-009","app-client","app-client","dsh","payment-integration","DSH-WLT-001","client","app-client canonical navigation","app-client canonical navigation > PaymentStatusScreen loading/permission gate > client-owned data > primary action or detail > authoritative success, empty, blocked, or retry state","services/dsh/frontend/app-client/payment-integration/PaymentStatusScreen.tsx","NEW_REQUIRED: correlated DSH/WLT service contract","No local runtime truth; use owning service aggregate/read model only","Required read-only WLT reference/status contract","For 'PaymentStatusScreen': client identity plus own/assigned/store scope appropriate to app-client; deny route and data when scope fails","read correlated WLT status/reference without mutating financial truth","refresh authoritative state; retry safely; preserve permitted draft; open contextual support; return without losing confirmed state","loading|empty|error|permission|offline|retry|success|blocked","bounded retry with no fabricated live data or duplicate write","yes","PaymentStatusScreen route, permission, empty/error/offline/retry/success tests plus RTL and small-screen screenshots","BLOCKED_NEEDS_WLT","Retain until DSH-WLT-001 entry gate"
"JRN-010","app-client","app-client","dsh","order-tracking","DSH-005","client","app-client canonical navigation","app-client canonical navigation > OrderTrackingScreen loading/permission gate > client-owned data > primary action or detail > authoritative success, empty, blocked, or retry state","services/dsh/frontend/app-client/order-tracking/OrderTrackingScreen.tsx","NEW_REQUIRED in DSH-005","No local runtime truth; use owning service aggregate/read model only","none unless explicitly declared by slice","For 'OrderTrackingScreen': client identity plus own/assigned/store scope appropriate to app-client; deny route and data when scope fails","perform the journey-specific authorized operation","refresh authoritative state; retry safely; preserve permitted draft; open contextual support; return without losing confirmed state","loading|empty|error|permission|offline|retry|success|blocked","bounded retry with no fabricated live data or duplicate write","yes","OrderTrackingScreen route, permission, empty/error/offline/retry/success tests plus RTL and small-screen screenshots","INVENTORY_ONLY","Retain until DSH-005 entry gate"
"JRN-011","app-client","app-client","dsh","refund-bridge","DSH-WLT-002","client","app-client canonical navigation","app-client canonical navigation > CancelOrderRequestScreen loading/permission gate > client-owned data > primary action or detail > authoritative success, empty, blocked, or retry state","services/dsh/frontend/app-client/refund-bridge/CancelOrderRequestScreen.tsx","NEW_REQUIRED in DSH-WLT-002","No local runtime truth; use owning service aggregate/read model only","none unless explicitly declared by slice","For 'CancelOrderRequestScreen': client identity plus own/assigned/store scope appropriate to app-client; deny route and data when scope fails","perform the journey-specific authorized operation","refresh authoritative state; retry safely; preserve permitted draft; open contextual support; return without losing confirmed state","loading|empty|error|permission|offline|retry|success|blocked","bounded retry with no fabricated live data or duplicate write","yes","CancelOrderRequestScreen route, permission, empty/error/offline/retry/success tests plus RTL and small-screen screenshots","INVENTORY_ONLY","Retain until DSH-WLT-002 entry gate"
"JRN-012","app-client","app-client","dsh","refund-bridge","DSH-WLT-002","client","app-client canonical navigation","app-client canonical navigation > RefundRequestStatusScreen loading/permission gate > client-owned data > primary action or detail > authoritative success, empty, blocked, or retry state","services/dsh/frontend/app-client/refund-bridge/RefundRequestStatusScreen.tsx","NEW_REQUIRED: correlated DSH/WLT service contract","No local runtime truth; use owning service aggregate/read model only","Required read-only WLT reference/status contract","For 'RefundRequestStatusScreen': client identity plus own/assigned/store scope appropriate to app-client; deny route and data when scope fails","read correlated WLT status/reference without mutating financial truth","refresh authoritative state; retry safely; preserve permitted draft; open contextual support; return without losing confirmed state","loading|empty|error|permission|offline|retry|success|blocked","bounded retry with no fabricated live data or duplicate write","yes","RefundRequestStatusScreen route, permission, empty/error/offline/retry/success tests plus RTL and small-screen screenshots","BLOCKED_NEEDS_WLT","Retain until DSH-WLT-002 entry gate"
"JRN-013","app-client","app-client","dsh","support-entry","DSH-014","client","app-client canonical navigation","app-client canonical navigation > SupportEntryScreen loading/permission gate > client-owned data > primary action or detail > authoritative success, empty, blocked, or retry state","services/dsh/frontend/app-client/support-entry/SupportEntryScreen.tsx","NEW_REQUIRED in DSH-011","No local runtime truth; use owning service aggregate/read model only","none unless explicitly declared by slice","For 'SupportEntryScreen': client identity plus own/assigned/store scope appropriate to app-client; deny route and data when scope fails","perform the journey-specific authorized operation","refresh authoritative state; retry safely; preserve permitted draft; open contextual support; return without losing confirmed state","loading|empty|error|permission|offline|retry|success|blocked","bounded retry with no fabricated live data or duplicate write","yes","SupportEntryScreen route, permission, empty/error/offline/retry/success tests plus RTL and small-screen screenshots","INVENTORY_ONLY","Retain until DSH-011 entry gate"
"JRN-014","app-client","app-client","dsh","notifications-readiness","DSH-013","client","app-client canonical navigation","app-client canonical navigation > NotificationsReadinessScreen loading/permission gate > client-owned data > primary action or detail > authoritative success, empty, blocked, or retry state","services/dsh/frontend/app-client/notifications-readiness/NotificationsReadinessScreen.tsx","NEW_REQUIRED in DSH-008","No local runtime truth; use owning service aggregate/read model only","none unless explicitly declared by slice","For 'NotificationsReadinessScreen': client identity plus own/assigned/store scope appropriate to app-client; deny route and data when scope fails","inspect assigned visit, capture required checklist/evidence, and submit readiness result","refresh authoritative state; retry safely; preserve permitted draft; open contextual support; return without losing confirmed state","loading|empty|error|permission|offline|retry|success|blocked","bounded retry with no fabricated live data or duplicate write","yes","NotificationsReadinessScreen route, permission, empty/error/offline/retry/success tests plus RTL and small-screen screenshots","INVENTORY_ONLY","Retain until DSH-008 entry gate"
"JRN-015","app-client","app-client","dsh","store-discovery","DSH-001","client","app-client canonical navigation","app-client canonical navigation > EmptyDiscoveryRecoveryScreen loading/permission gate > client-owned data > primary action or detail > authoritative success, empty, blocked, or retry state","services/dsh/frontend/app-client/store-discovery/EmptyDiscoveryRecoveryScreen.tsx","NEW_REQUIRED: GET /dsh/stores or GET /dsh/stores/{storeId}","No local runtime truth; use owning service aggregate/read model only","none unless explicitly declared by slice","For 'EmptyDiscoveryRecoveryScreen': client identity plus own/assigned/store scope appropriate to app-client; deny route and data when scope fails","browse visible serviceable stores and open an authorized store detail","refresh authoritative state; retry safely; preserve permitted draft; open contextual support; return without losing confirmed state","loading|empty|error|permission|offline|retry|success|blocked","bounded retry with no fabricated live data or duplicate write","yes","EmptyDiscoveryRecoveryScreen route, permission, empty/error/offline/retry/success tests plus RTL and small-screen screenshots","BLOCKED_NEEDS_API_CONTRACT","Approve Store Discovery OpenAPI first"
"JRN-016","app-client","app-client","dsh","cart-serviceability","DSH-003","client","app-client canonical navigation","app-client canonical navigation > OfflineCartRecoveryScreen loading/permission gate > client-owned data > primary action or detail > authoritative success, empty, blocked, or retry state","services/dsh/frontend/app-client/cart-serviceability/OfflineCartRecoveryScreen.tsx","NEW_REQUIRED in DSH-003","No local runtime truth; use owning service aggregate/read model only","none unless explicitly declared by slice","For 'OfflineCartRecoveryScreen': client identity plus own/assigned/store scope appropriate to app-client; deny route and data when scope fails","perform the journey-specific authorized operation","refresh authoritative state; retry safely; preserve permitted draft; open contextual support; return without losing confirmed state","loading|empty|error|permission|offline|retry|success|blocked","bounded retry with no fabricated live data or duplicate write","yes","OfflineCartRecoveryScreen route, permission, empty/error/offline/retry/success tests plus RTL and small-screen screenshots","INVENTORY_ONLY","Retain until DSH-003 entry gate"
"JRN-017","app-client","app-client","dsh","payment-integration","DSH-WLT-001","client","app-client canonical navigation","app-client canonical navigation > PaymentTimeoutRecoveryScreen loading/permission gate > client-owned data > primary action or detail > authoritative success, empty, blocked, or retry state","services/dsh/frontend/app-client/payment-integration/PaymentTimeoutRecoveryScreen.tsx","NEW_REQUIRED in DSH-WLT-001","No local runtime truth; use owning service aggregate/read model only","none unless explicitly declared by slice","For 'PaymentTimeoutRecoveryScreen': client identity plus own/assigned/store scope appropriate to app-client; deny route and data when scope fails","perform the journey-specific authorized operation","refresh authoritative state; retry safely; preserve permitted draft; open contextual support; return without losing confirmed state","loading|empty|error|permission|offline|retry|success|blocked","bounded retry with no fabricated live data or duplicate write","yes","PaymentTimeoutRecoveryScreen route, permission, empty/error/offline/retry/success tests plus RTL and small-screen screenshots","INVENTORY_ONLY","Retain until DSH-WLT-001 entry gate"
"JRN-018","app-partner","app-partner","dsh","partner-orders","DSH-006","partner","app-partner canonical navigation","partner shell > store ownership/readiness gate > HomeReadinessScreen > authorized store action or read-only status > audit-aware outcome","services/dsh/frontend/app-partner/partner-orders/HomeReadinessScreen.tsx","NEW_REQUIRED in DSH-006","No local runtime truth; use owning service aggregate/read model only","none unless explicitly declared by slice","For 'HomeReadinessScreen': partner identity plus own/assigned/store scope appropriate to app-partner; deny route and data when scope fails","inspect owned-store order and submit the named partner transition","refresh authoritative state; retry safely; preserve permitted draft; open contextual support; return without losing confirmed state","loading|empty|error|permission|offline|retry|success|blocked","bounded retry with no fabricated live data or duplicate write","yes","HomeReadinessScreen route, permission, empty/error/offline/retry/success tests plus RTL and small-screen screenshots","INVENTORY_ONLY","Retain until DSH-006 entry gate"
"JRN-019","app-partner","app-partner","dsh","partner-orders","DSH-006","partner","app-partner canonical navigation","partner shell > store ownership/readiness gate > StoreReadinessScreen > authorized store action or read-only status > audit-aware outcome","services/dsh/frontend/app-partner/partner-orders/StoreReadinessScreen.tsx","NEW_REQUIRED in DSH-006","No local runtime truth; use owning service aggregate/read model only","none unless explicitly declared by slice","For 'StoreReadinessScreen': partner identity plus own/assigned/store scope appropriate to app-partner; deny route and data when scope fails","inspect owned-store order and submit the named partner transition","refresh authoritative state; retry safely; preserve permitted draft; open contextual support; return without losing confirmed state","loading|empty|error|permission|offline|retry|success|blocked","bounded retry with no fabricated live data or duplicate write","yes","StoreReadinessScreen route, permission, empty/error/offline/retry/success tests plus RTL and small-screen screenshots","INVENTORY_ONLY","Retain until DSH-006 entry gate"
"JRN-020","app-partner","app-partner","dsh","partner-catalog-management","DSH-006","partner","app-partner canonical navigation","partner shell > store ownership/readiness gate > CatalogManagementScreen > authorized store action or read-only status > audit-aware outcome","services/dsh/frontend/app-partner/partner-catalog-management/CatalogManagementScreen.tsx","NEW_REQUIRED in DSH-002","No local runtime truth; use owning service aggregate/read model only","none unless explicitly declared by slice","For 'CatalogManagementScreen': partner identity plus own/assigned/store scope appropriate to app-partner; deny route and data when scope fails","perform the journey-specific authorized operation","refresh authoritative state; retry safely; preserve permitted draft; open contextual support; return without losing confirmed state","loading|empty|error|permission|offline|retry|success|blocked","bounded retry with no fabricated live data or duplicate write","yes","CatalogManagementScreen route, permission, empty/error/offline/retry/success tests plus RTL and small-screen screenshots","INVENTORY_ONLY","Retain until DSH-002 entry gate"
"JRN-021","app-partner","app-partner","dsh","partner-orders","DSH-006","partner","app-partner canonical navigation","partner shell > store ownership/readiness gate > IncomingOrdersScreen > authorized store action or read-only status > audit-aware outcome","services/dsh/frontend/app-partner/partner-orders/IncomingOrdersScreen.tsx","NEW_REQUIRED in DSH-006","No local runtime truth; use owning service aggregate/read model only","none unless explicitly declared by slice","For 'IncomingOrdersScreen': partner identity plus own/assigned/store scope appropriate to app-partner; deny route and data when scope fails","inspect owned-store order and submit the named partner transition","refresh authoritative state; retry safely; preserve permitted draft; open contextual support; return without losing confirmed state","loading|empty|error|permission|offline|retry|success|blocked","bounded retry with no fabricated live data or duplicate write","yes","IncomingOrdersScreen route, permission, empty/error/offline/retry/success tests plus RTL and small-screen screenshots","INVENTORY_ONLY","Retain until DSH-006 entry gate"
"JRN-022","app-partner","app-partner","dsh","partner-orders","DSH-006","partner","app-partner canonical navigation","partner shell > store ownership/readiness gate > OrderDetailScreen > authorized store action or read-only status > audit-aware outcome","services/dsh/frontend/app-partner/partner-orders/OrderDetailScreen.tsx","NEW_REQUIRED in DSH-006","No local runtime truth; use owning service aggregate/read model only","none unless explicitly declared by slice","For 'OrderDetailScreen': partner identity plus own/assigned/store scope appropriate to app-partner; deny route and data when scope fails","inspect owned-store order and submit the named partner transition","refresh authoritative state; retry safely; preserve permitted draft; open contextual support; return without losing confirmed state","loading|empty|error|permission|offline|retry|success|blocked","bounded retry with no fabricated live data or duplicate write","yes","OrderDetailScreen route, permission, empty/error/offline/retry/success tests plus RTL and small-screen screenshots","INVENTORY_ONLY","Retain until DSH-006 entry gate"
"JRN-023","app-partner","app-partner","dsh","partner-orders","DSH-006","partner","app-partner canonical navigation","partner shell > store ownership/readiness gate > AcceptOrderScreen > authorized store action or read-only status > audit-aware outcome","services/dsh/frontend/app-partner/partner-orders/AcceptOrderScreen.tsx","NEW_REQUIRED in DSH-006","No local runtime truth; use owning service aggregate/read model only","none unless explicitly declared by slice","For 'AcceptOrderScreen': partner identity plus own/assigned/store scope appropriate to app-partner; deny route and data when scope fails","inspect owned-store order and submit the named partner transition","refresh authoritative state; retry safely; preserve permitted draft; open contextual support; return without losing confirmed state","loading|empty|error|permission|offline|retry|success|blocked","bounded retry with no fabricated live data or duplicate write","yes","AcceptOrderScreen route, permission, empty/error/offline/retry/success tests plus RTL and small-screen screenshots","INVENTORY_ONLY","Retain until DSH-006 entry gate"
"JRN-024","app-partner","app-partner","dsh","partner-orders","DSH-006","partner","app-partner canonical navigation","partner shell > store ownership/readiness gate > RejectOrderScreen > authorized store action or read-only status > audit-aware outcome","services/dsh/frontend/app-partner/partner-orders/RejectOrderScreen.tsx","NEW_REQUIRED in DSH-006","No local runtime truth; use owning service aggregate/read model only","none unless explicitly declared by slice","For 'RejectOrderScreen': partner identity plus own/assigned/store scope appropriate to app-partner; deny route and data when scope fails","inspect owned-store order and submit the named partner transition","refresh authoritative state; retry safely; preserve permitted draft; open contextual support; return without losing confirmed state","loading|empty|error|permission|offline|retry|success|blocked","bounded retry with no fabricated live data or duplicate write","yes","RejectOrderScreen route, permission, empty/error/offline/retry/success tests plus RTL and small-screen screenshots","INVENTORY_ONLY","Retain until DSH-006 entry gate"
"JRN-025","app-partner","app-partner","dsh","partner-orders","DSH-006","partner","app-partner canonical navigation","partner shell > store ownership/readiness gate > MarkPreparingScreen > authorized store action or read-only status > audit-aware outcome","services/dsh/frontend/app-partner/partner-orders/MarkPreparingScreen.tsx","NEW_REQUIRED in DSH-006","No local runtime truth; use owning service aggregate/read model only","none unless explicitly declared by slice","For 'MarkPreparingScreen': partner identity plus own/assigned/store scope appropriate to app-partner; deny route and data when scope fails","inspect owned-store order and submit the named partner transition","refresh authoritative state; retry safely; preserve permitted draft; open contextual support; return without losing confirmed state","loading|empty|error|permission|offline|retry|success|blocked","bounded retry with no fabricated live data or duplicate write","yes","MarkPreparingScreen route, permission, empty/error/offline/retry/success tests plus RTL and small-screen screenshots","INVENTORY_ONLY","Retain until DSH-006 entry gate"
"JRN-026","app-partner","app-partner","dsh","partner-orders","DSH-006","partner","app-partner canonical navigation","partner shell > store ownership/readiness gate > MarkReadyScreen > authorized store action or read-only status > audit-aware outcome","services/dsh/frontend/app-partner/partner-orders/MarkReadyScreen.tsx","NEW_REQUIRED in DSH-006","No local runtime truth; use owning service aggregate/read model only","none unless explicitly declared by slice","For 'MarkReadyScreen': partner identity plus own/assigned/store scope appropriate to app-partner; deny route and data when scope fails","inspect owned-store order and submit the named partner transition","refresh authoritative state; retry safely; preserve permitted draft; open contextual support; return without losing confirmed state","loading|empty|error|permission|offline|retry|success|blocked","bounded retry with no fabricated live data or duplicate write","yes","MarkReadyScreen route, permission, empty/error/offline/retry/success tests plus RTL and small-screen screenshots","INVENTORY_ONLY","Retain until DSH-006 entry gate"
"JRN-027","app-partner","app-partner","dsh","support-entry","DSH-014","partner","app-partner canonical navigation","partner shell > store ownership/readiness gate > SupportEntryScreen > authorized store action or read-only status > audit-aware outcome","services/dsh/frontend/app-partner/support-entry/SupportEntryScreen.tsx","NEW_REQUIRED in DSH-006","No local runtime truth; use owning service aggregate/read model only","none unless explicitly declared by slice","For 'SupportEntryScreen': partner identity plus own/assigned/store scope appropriate to app-partner; deny route and data when scope fails","inspect owned-store order and submit the named partner transition","refresh authoritative state; retry safely; preserve permitted draft; open contextual support; return without losing confirmed state","loading|empty|error|permission|offline|retry|success|blocked","bounded retry with no fabricated live data or duplicate write","yes","SupportEntryScreen route, permission, empty/error/offline/retry/success tests plus RTL and small-screen screenshots","INVENTORY_ONLY","Retain until DSH-006 entry gate"
"JRN-028","app-partner","app-partner","dsh","partner-orders","DSH-006","partner","app-partner canonical navigation","partner shell > store ownership/readiness gate > SettlementStatusReadScreen > authorized store action or read-only status > audit-aware outcome","services/dsh/frontend/app-partner/partner-orders/SettlementStatusReadScreen.tsx","NEW_REQUIRED: correlated DSH/WLT service contract","No local runtime truth; use owning service aggregate/read model only","Required read-only WLT reference/status contract","For 'SettlementStatusReadScreen': partner identity plus own/assigned/store scope appropriate to app-partner; deny route and data when scope fails","inspect owned-store order and submit the named partner transition","refresh authoritative state; retry safely; preserve permitted draft; open contextual support; return without losing confirmed state","loading|empty|error|permission|offline|retry|success|blocked","bounded retry with no fabricated live data or duplicate write","yes","SettlementStatusReadScreen route, permission, empty/error/offline/retry/success tests plus RTL and small-screen screenshots","BLOCKED_NEEDS_WLT","Retain until DSH-006 entry gate"
"JRN-029","app-partner","app-partner","dsh","partner-orders","DSH-006","partner","app-partner canonical navigation","partner shell > store ownership/readiness gate > DocumentReviewReadinessScreen > authorized store action or read-only status > audit-aware outcome","services/dsh/frontend/app-partner/partner-orders/DocumentReviewReadinessScreen.tsx","NEW_REQUIRED in DSH-006","No local runtime truth; use owning service aggregate/read model only","none unless explicitly declared by slice","For 'DocumentReviewReadinessScreen': partner identity plus own/assigned/store scope appropriate to app-partner; deny route and data when scope fails","inspect owned-store order and submit the named partner transition","refresh authoritative state; retry safely; preserve permitted draft; open contextual support; return without losing confirmed state","loading|empty|error|permission|offline|retry|success|blocked","bounded retry with no fabricated live data or duplicate write","yes","DocumentReviewReadinessScreen route, permission, empty/error/offline/retry/success tests plus RTL and small-screen screenshots","INVENTORY_ONLY","Retain until DSH-006 entry gate"
"JRN-030","app-partner","app-partner","dsh","partner-orders","DSH-006","partner","app-partner canonical navigation","partner shell > store ownership/readiness gate > ActivationReadinessScreen > authorized store action or read-only status > audit-aware outcome","services/dsh/frontend/app-partner/partner-orders/ActivationReadinessScreen.tsx","NEW_REQUIRED in DSH-006","No local runtime truth; use owning service aggregate/read model only","none unless explicitly declared by slice","For 'ActivationReadinessScreen': partner identity plus own/assigned/store scope appropriate to app-partner; deny route and data when scope fails","inspect owned-store order and submit the named partner transition","refresh authoritative state; retry safely; preserve permitted draft; open contextual support; return without losing confirmed state","loading|empty|error|permission|offline|retry|success|blocked","bounded retry with no fabricated live data or duplicate write","yes","ActivationReadinessScreen route, permission, empty/error/offline/retry/success tests plus RTL and small-screen screenshots","INVENTORY_ONLY","Retain until DSH-006 entry gate"
"JRN-031","app-partner","app-partner","dsh","partner-orders","DSH-006","partner","app-partner canonical navigation","partner shell > store ownership/readiness gate > DeactivationStatusScreen > authorized store action or read-only status > audit-aware outcome","services/dsh/frontend/app-partner/partner-orders/DeactivationStatusScreen.tsx","NEW_REQUIRED in DSH-006","No local runtime truth; use owning service aggregate/read model only","none unless explicitly declared by slice","For 'DeactivationStatusScreen': partner identity plus own/assigned/store scope appropriate to app-partner; deny route and data when scope fails","inspect owned-store order and submit the named partner transition","refresh authoritative state; retry safely; preserve permitted draft; open contextual support; return without losing confirmed state","loading|empty|error|permission|offline|retry|success|blocked","bounded retry with no fabricated live data or duplicate write","yes","DeactivationStatusScreen route, permission, empty/error/offline/retry/success tests plus RTL and small-screen screenshots","INVENTORY_ONLY","Retain until DSH-006 entry gate"
"JRN-032","app-partner","app-partner","dsh","partner-orders","DSH-006","partner","app-partner canonical navigation","partner shell > store ownership/readiness gate > OrderConflictRecoveryScreen > authorized store action or read-only status > audit-aware outcome","services/dsh/frontend/app-partner/partner-orders/OrderConflictRecoveryScreen.tsx","NEW_REQUIRED in DSH-006","No local runtime truth; use owning service aggregate/read model only","none unless explicitly declared by slice","For 'OrderConflictRecoveryScreen': partner identity plus own/assigned/store scope appropriate to app-partner; deny route and data when scope fails","inspect owned-store order and submit the named partner transition","refresh authoritative state; retry safely; preserve permitted draft; open contextual support; return without losing confirmed state","loading|empty|error|permission|offline|retry|success|blocked","bounded retry with no fabricated live data or duplicate write","yes","OrderConflictRecoveryScreen route, permission, empty/error/offline/retry/success tests plus RTL and small-screen screenshots","INVENTORY_ONLY","Retain until DSH-006 entry gate"
"JRN-033","app-captain","app-captain","dsh","captain-tasks","DSH-007","captain","app-captain canonical navigation","captain shell > assignment and shift gate > TaskListScreen > task transition or read-only finance reference > proof, issue, or retry outcome","services/dsh/frontend/app-captain/captain-tasks/TaskListScreen.tsx","NEW_REQUIRED in DSH-007","No local runtime truth; use owning service aggregate/read model only","none unless explicitly declared by slice","For 'TaskListScreen': captain identity plus own/assigned/store scope appropriate to app-captain; deny route and data when scope fails","inspect assigned task and submit only the permitted lifecycle transition","refresh authoritative state; retry safely; preserve permitted draft; open contextual support; return without losing confirmed state","loading|empty|error|permission|offline|retry|success|blocked","location/task reads may retry; lifecycle writes retain idempotency key and reject stale assignment","yes","TaskListScreen route, permission, empty/error/offline/retry/success tests plus RTL and small-screen screenshots","INVENTORY_ONLY","Retain until DSH-007 entry gate"
"JRN-034","app-captain","app-captain","dsh","captain-tasks","DSH-007","captain","app-captain canonical navigation","captain shell > assignment and shift gate > TaskDetailScreen > task transition or read-only finance reference > proof, issue, or retry outcome","services/dsh/frontend/app-captain/captain-tasks/TaskDetailScreen.tsx","NEW_REQUIRED in DSH-007","No local runtime truth; use owning service aggregate/read model only","none unless explicitly declared by slice","For 'TaskDetailScreen': captain identity plus own/assigned/store scope appropriate to app-captain; deny route and data when scope fails","inspect assigned task and submit only the permitted lifecycle transition","refresh authoritative state; retry safely; preserve permitted draft; open contextual support; return without losing confirmed state","loading|empty|error|permission|offline|retry|success|blocked","location/task reads may retry; lifecycle writes retain idempotency key and reject stale assignment","yes","TaskDetailScreen route, permission, empty/error/offline/retry/success tests plus RTL and small-screen screenshots","INVENTORY_ONLY","Retain until DSH-007 entry gate"
"JRN-035","app-captain","app-captain","dsh","captain-tasks","DSH-007","captain","app-captain canonical navigation","captain shell > assignment and shift gate > AcceptTaskScreen > task transition or read-only finance reference > proof, issue, or retry outcome","services/dsh/frontend/app-captain/captain-tasks/AcceptTaskScreen.tsx","NEW_REQUIRED in DSH-007","No local runtime truth; use owning service aggregate/read model only","none unless explicitly declared by slice","For 'AcceptTaskScreen': captain identity plus own/assigned/store scope appropriate to app-captain; deny route and data when scope fails","inspect assigned task and submit only the permitted lifecycle transition","refresh authoritative state; retry safely; preserve permitted draft; open contextual support; return without losing confirmed state","loading|empty|error|permission|offline|retry|success|blocked","location/task reads may retry; lifecycle writes retain idempotency key and reject stale assignment","yes","AcceptTaskScreen route, permission, empty/error/offline/retry/success tests plus RTL and small-screen screenshots","INVENTORY_ONLY","Retain until DSH-007 entry gate"
"JRN-036","app-captain","app-captain","dsh","captain-tasks","DSH-007","captain","app-captain canonical navigation","captain shell > assignment and shift gate > PickupFlowScreen > task transition or read-only finance reference > proof, issue, or retry outcome","services/dsh/frontend/app-captain/captain-tasks/PickupFlowScreen.tsx","NEW_REQUIRED in DSH-007","No local runtime truth; use owning service aggregate/read model only","none unless explicitly declared by slice","For 'PickupFlowScreen': captain identity plus own/assigned/store scope appropriate to app-captain; deny route and data when scope fails","inspect assigned task and submit only the permitted lifecycle transition","refresh authoritative state; retry safely; preserve permitted draft; open contextual support; return without losing confirmed state","loading|empty|error|permission|offline|retry|success|blocked","location/task reads may retry; lifecycle writes retain idempotency key and reject stale assignment","yes","PickupFlowScreen route, permission, empty/error/offline/retry/success tests plus RTL and small-screen screenshots","INVENTORY_ONLY","Retain until DSH-007 entry gate"
"JRN-037","app-captain","app-captain","dsh","captain-tasks","DSH-007","captain","app-captain canonical navigation","captain shell > assignment and shift gate > DropoffFlowScreen > task transition or read-only finance reference > proof, issue, or retry outcome","services/dsh/frontend/app-captain/captain-tasks/DropoffFlowScreen.tsx","NEW_REQUIRED in DSH-007","No local runtime truth; use owning service aggregate/read model only","none unless explicitly declared by slice","For 'DropoffFlowScreen': captain identity plus own/assigned/store scope appropriate to app-captain; deny route and data when scope fails","inspect assigned task and submit only the permitted lifecycle transition","refresh authoritative state; retry safely; preserve permitted draft; open contextual support; return without losing confirmed state","loading|empty|error|permission|offline|retry|success|blocked","location/task reads may retry; lifecycle writes retain idempotency key and reject stale assignment","yes","DropoffFlowScreen route, permission, empty/error/offline/retry/success tests plus RTL and small-screen screenshots","INVENTORY_ONLY","Retain until DSH-007 entry gate"
"JRN-038","app-captain","app-captain","dsh","captain-tasks","DSH-007","captain","app-captain canonical navigation","captain shell > assignment and shift gate > LocationStatusReadinessScreen > task transition or read-only finance reference > proof, issue, or retry outcome","services/dsh/frontend/app-captain/captain-tasks/LocationStatusReadinessScreen.tsx","NEW_REQUIRED in DSH-007","No local runtime truth; use owning service aggregate/read model only","none unless explicitly declared by slice","For 'LocationStatusReadinessScreen': captain identity plus own/assigned/store scope appropriate to app-captain; deny route and data when scope fails","inspect assigned task and submit only the permitted lifecycle transition","refresh authoritative state; retry safely; preserve permitted draft; open contextual support; return without losing confirmed state","loading|empty|error|permission|offline|retry|success|blocked","location/task reads may retry; lifecycle writes retain idempotency key and reject stale assignment","yes","LocationStatusReadinessScreen route, permission, empty/error/offline/retry/success tests plus RTL and small-screen screenshots","INVENTORY_ONLY","Retain until DSH-007 entry gate"
"JRN-039","app-captain","app-captain","dsh","captain-tasks","DSH-007","captain","app-captain canonical navigation","captain shell > assignment and shift gate > DeliveryIssueScreen > task transition or read-only finance reference > proof, issue, or retry outcome","services/dsh/frontend/app-captain/captain-tasks/DeliveryIssueScreen.tsx","NEW_REQUIRED in DSH-007","No local runtime truth; use owning service aggregate/read model only","none unless explicitly declared by slice","For 'DeliveryIssueScreen': captain identity plus own/assigned/store scope appropriate to app-captain; deny route and data when scope fails","inspect assigned task and submit only the permitted lifecycle transition","refresh authoritative state; retry safely; preserve permitted draft; open contextual support; return without losing confirmed state","loading|empty|error|permission|offline|retry|success|blocked","location/task reads may retry; lifecycle writes retain idempotency key and reject stale assignment","yes","DeliveryIssueScreen route, permission, empty/error/offline/retry/success tests plus RTL and small-screen screenshots","INVENTORY_ONLY","Retain until DSH-007 entry gate"
"JRN-040","app-captain","app-captain","dsh","support-entry","DSH-014","captain","app-captain canonical navigation","captain shell > assignment and shift gate > SupportEntryScreen > task transition or read-only finance reference > proof, issue, or retry outcome","services/dsh/frontend/app-captain/support-entry/SupportEntryScreen.tsx","NEW_REQUIRED in DSH-007","No local runtime truth; use owning service aggregate/read model only","none unless explicitly declared by slice","For 'SupportEntryScreen': captain identity plus own/assigned/store scope appropriate to app-captain; deny route and data when scope fails","inspect assigned task and submit only the permitted lifecycle transition","refresh authoritative state; retry safely; preserve permitted draft; open contextual support; return without losing confirmed state","loading|empty|error|permission|offline|retry|success|blocked","location/task reads may retry; lifecycle writes retain idempotency key and reject stale assignment","yes","SupportEntryScreen route, permission, empty/error/offline/retry/success tests plus RTL and small-screen screenshots","INVENTORY_ONLY","Retain until DSH-007 entry gate"
"JRN-041","app-captain","app-captain","dsh","captain-tasks","DSH-007","captain","app-captain canonical navigation","captain shell > assignment and shift gate > CodStatusReadScreen > task transition or read-only finance reference > proof, issue, or retry outcome","services/dsh/frontend/app-captain/captain-tasks/CodStatusReadScreen.tsx","NEW_REQUIRED: correlated DSH/WLT service contract","No local runtime truth; use owning service aggregate/read model only","Required read-only WLT reference/status contract","For 'CodStatusReadScreen': captain identity plus own/assigned/store scope appropriate to app-captain; deny route and data when scope fails","inspect assigned task and submit only the permitted lifecycle transition","refresh authoritative state; retry safely; preserve permitted draft; open contextual support; return without losing confirmed state","loading|empty|error|permission|offline|retry|success|blocked","location/task reads may retry; lifecycle writes retain idempotency key and reject stale assignment","yes","CodStatusReadScreen route, permission, empty/error/offline/retry/success tests plus RTL and small-screen screenshots","BLOCKED_NEEDS_WLT","Retain until DSH-007 entry gate"
"JRN-042","app-captain","app-captain","dsh","captain-tasks","DSH-WLT-001","captain","app-captain canonical navigation","captain shell > assignment and shift gate > PaymentReferenceReadScreen > task transition or read-only finance reference > proof, issue, or retry outcome","services/dsh/frontend/app-captain/captain-tasks/PaymentReferenceReadScreen.tsx","NEW_REQUIRED: correlated DSH/WLT service contract","No local runtime truth; use owning service aggregate/read model only","read-only-reference","For 'PaymentReferenceReadScreen': captain identity plus own/assigned/store scope appropriate to app-captain; deny route and data when scope fails","read correlated WLT status/reference without mutating financial truth","refresh authoritative state; retry safely; preserve permitted draft; open contextual support; return without losing confirmed state","loading|empty|error|permission|offline|retry|success|blocked","location/task reads may retry; lifecycle writes retain idempotency key and reject stale assignment","yes","PaymentReferenceReadScreen route, permission, empty/error/offline/retry/success tests plus RTL and small-screen screenshots","BLOCKED_NEEDS_WLT","Retain until DSH-WLT-001 entry gate"
"JRN-043","app-captain","app-captain","dsh","captain-tasks","DSH-007","captain","app-captain canonical navigation","captain shell > assignment and shift gate > AssignmentConflictScreen > task transition or read-only finance reference > proof, issue, or retry outcome","services/dsh/frontend/app-captain/captain-tasks/AssignmentConflictScreen.tsx","NEW_REQUIRED in DSH-007","No local runtime truth; use owning service aggregate/read model only","none unless explicitly declared by slice","For 'AssignmentConflictScreen': captain identity plus own/assigned/store scope appropriate to app-captain; deny route and data when scope fails","inspect assigned task and submit only the permitted lifecycle transition","refresh authoritative state; retry safely; preserve permitted draft; open contextual support; return without losing confirmed state","loading|empty|error|permission|offline|retry|success|blocked","location/task reads may retry; lifecycle writes retain idempotency key and reject stale assignment","yes","AssignmentConflictScreen route, permission, empty/error/offline/retry/success tests plus RTL and small-screen screenshots","INVENTORY_ONLY","Retain until DSH-007 entry gate"
"JRN-044","app-captain","app-captain","dsh","captain-tasks","DSH-007","captain","app-captain canonical navigation","captain shell > assignment and shift gate > OfflineProofRetryScreen > task transition or read-only finance reference > proof, issue, or retry outcome","services/dsh/frontend/app-captain/captain-tasks/OfflineProofRetryScreen.tsx","NEW_REQUIRED in DSH-007","No local runtime truth; use owning service aggregate/read model only","none unless explicitly declared by slice","For 'OfflineProofRetryScreen': captain identity plus own/assigned/store scope appropriate to app-captain; deny route and data when scope fails","inspect assigned task and submit only the permitted lifecycle transition","refresh authoritative state; retry safely; preserve permitted draft; open contextual support; return without losing confirmed state","loading|empty|error|permission|offline|retry|success|blocked","location/task reads may retry; lifecycle writes retain idempotency key and reject stale assignment","yes","OfflineProofRetryScreen route, permission, empty/error/offline/retry/success tests plus RTL and small-screen screenshots","INVENTORY_ONLY","Retain until DSH-007 entry gate"
"JRN-045","app-captain","app-captain","dsh","captain-tasks","DSH-007","captain","app-captain canonical navigation","captain shell > assignment and shift gate > TaskReassignmentScreen > task transition or read-only finance reference > proof, issue, or retry outcome","services/dsh/frontend/app-captain/captain-tasks/TaskReassignmentScreen.tsx","NEW_REQUIRED in DSH-007","No local runtime truth; use owning service aggregate/read model only","none unless explicitly declared by slice","For 'TaskReassignmentScreen': captain identity plus own/assigned/store scope appropriate to app-captain; deny route and data when scope fails","inspect assigned task and submit only the permitted lifecycle transition","refresh authoritative state; retry safely; preserve permitted draft; open contextual support; return without losing confirmed state","loading|empty|error|permission|offline|retry|success|blocked","location/task reads may retry; lifecycle writes retain idempotency key and reject stale assignment","yes","TaskReassignmentScreen route, permission, empty/error/offline/retry/success tests plus RTL and small-screen screenshots","INVENTORY_ONLY","Retain until DSH-007 entry gate"
"JRN-046","app-field","app-field","dsh","field-onboarding","DSH-008","field","app-field canonical navigation","field shell > assigned visit gate > VisitListScreen > evidence/checklist draft > online submission, blocked result, or offline retry","services/dsh/frontend/app-field/field-onboarding/VisitListScreen.tsx","NEW_REQUIRED in DSH-008","No local runtime truth; use owning service aggregate/read model only","none unless explicitly declared by slice","For 'VisitListScreen': field identity plus own/assigned/store scope appropriate to app-field; deny route and data when scope fails","inspect assigned visit, capture required checklist/evidence, and submit readiness result","refresh authoritative state; retry safely; preserve permitted draft; open contextual support; return without losing confirmed state","loading|empty|error|permission|offline|retry|success|blocked","offline draft allowed only for checklist/evidence metadata; idempotent online submission required","yes","VisitListScreen route, permission, empty/error/offline/retry/success tests plus RTL and small-screen screenshots","INVENTORY_ONLY","Retain until DSH-008 entry gate"
"JRN-047","app-field","app-field","dsh","field-onboarding","DSH-008","field","app-field canonical navigation","field shell > assigned visit gate > VisitDetailScreen > evidence/checklist draft > online submission, blocked result, or offline retry","services/dsh/frontend/app-field/field-onboarding/VisitDetailScreen.tsx","NEW_REQUIRED in DSH-008","No local runtime truth; use owning service aggregate/read model only","none unless explicitly declared by slice","For 'VisitDetailScreen': field identity plus own/assigned/store scope appropriate to app-field; deny route and data when scope fails","inspect assigned visit, capture required checklist/evidence, and submit readiness result","refresh authoritative state; retry safely; preserve permitted draft; open contextual support; return without losing confirmed state","loading|empty|error|permission|offline|retry|success|blocked","offline draft allowed only for checklist/evidence metadata; idempotent online submission required","yes","VisitDetailScreen route, permission, empty/error/offline/retry/success tests plus RTL and small-screen screenshots","INVENTORY_ONLY","Retain until DSH-008 entry gate"
"JRN-048","app-field","app-field","dsh","field-onboarding","DSH-008","field","app-field canonical navigation","field shell > assigned visit gate > StoreOnboardingScreen > evidence/checklist draft > online submission, blocked result, or offline retry","services/dsh/frontend/app-field/field-onboarding/StoreOnboardingScreen.tsx","NEW_REQUIRED in DSH-008","No local runtime truth; use owning service aggregate/read model only","none unless explicitly declared by slice","For 'StoreOnboardingScreen': field identity plus own/assigned/store scope appropriate to app-field; deny route and data when scope fails","inspect assigned visit, capture required checklist/evidence, and submit readiness result","refresh authoritative state; retry safely; preserve permitted draft; open contextual support; return without losing confirmed state","loading|empty|error|permission|offline|retry|success|blocked","offline draft allowed only for checklist/evidence metadata; idempotent online submission required","yes","StoreOnboardingScreen route, permission, empty/error/offline/retry/success tests plus RTL and small-screen screenshots","INVENTORY_ONLY","Retain until DSH-008 entry gate"
"JRN-049","app-field","app-field","dsh","field-onboarding","DSH-008","field","app-field canonical navigation","field shell > assigned visit gate > ReadinessChecklistScreen > evidence/checklist draft > online submission, blocked result, or offline retry","services/dsh/frontend/app-field/field-onboarding/ReadinessChecklistScreen.tsx","NEW_REQUIRED in DSH-008","No local runtime truth; use owning service aggregate/read model only","none unless explicitly declared by slice","For 'ReadinessChecklistScreen': field identity plus own/assigned/store scope appropriate to app-field; deny route and data when scope fails","inspect assigned visit, capture required checklist/evidence, and submit readiness result","refresh authoritative state; retry safely; preserve permitted draft; open contextual support; return without losing confirmed state","loading|empty|error|permission|offline|retry|success|blocked","offline draft allowed only for checklist/evidence metadata; idempotent online submission required","yes","ReadinessChecklistScreen route, permission, empty/error/offline/retry/success tests plus RTL and small-screen screenshots","INVENTORY_ONLY","Retain until DSH-008 entry gate"
"JRN-050","app-field","app-field","dsh","field-onboarding","DSH-008","field","app-field canonical navigation","field shell > assigned visit gate > MediaReferenceScreen > evidence/checklist draft > online submission, blocked result, or offline retry","services/dsh/frontend/app-field/field-onboarding/MediaReferenceScreen.tsx","NEW_REQUIRED in DSH-008","No local runtime truth; use owning service aggregate/read model only","none unless explicitly declared by slice","For 'MediaReferenceScreen': field identity plus own/assigned/store scope appropriate to app-field; deny route and data when scope fails","inspect assigned visit, capture required checklist/evidence, and submit readiness result","refresh authoritative state; retry safely; preserve permitted draft; open contextual support; return without losing confirmed state","loading|empty|error|permission|offline|retry|success|blocked","offline draft allowed only for checklist/evidence metadata; idempotent online submission required","yes","MediaReferenceScreen route, permission, empty/error/offline/retry/success tests plus RTL and small-screen screenshots","INVENTORY_ONLY","Retain until DSH-008 entry gate"
"JRN-051","app-field","app-field","dsh","field-onboarding","DSH-008","field","app-field canonical navigation","field shell > assigned visit gate > SubmitReadinessScreen > evidence/checklist draft > online submission, blocked result, or offline retry","services/dsh/frontend/app-field/field-onboarding/SubmitReadinessScreen.tsx","NEW_REQUIRED in DSH-008","No local runtime truth; use owning service aggregate/read model only","none unless explicitly declared by slice","For 'SubmitReadinessScreen': field identity plus own/assigned/store scope appropriate to app-field; deny route and data when scope fails","inspect assigned visit, capture required checklist/evidence, and submit readiness result","refresh authoritative state; retry safely; preserve permitted draft; open contextual support; return without losing confirmed state","loading|empty|error|permission|offline|retry|success|blocked","offline draft allowed only for checklist/evidence metadata; idempotent online submission required","yes","SubmitReadinessScreen route, permission, empty/error/offline/retry/success tests plus RTL and small-screen screenshots","INVENTORY_ONLY","Retain until DSH-008 entry gate"
"JRN-052","app-field","app-field","dsh","field-onboarding","DSH-008","field","app-field canonical navigation","field shell > assigned visit gate > RejectedOrBlockedStateScreen > evidence/checklist draft > online submission, blocked result, or offline retry","services/dsh/frontend/app-field/field-onboarding/RejectedOrBlockedStateScreen.tsx","NEW_REQUIRED in DSH-008","No local runtime truth; use owning service aggregate/read model only","none unless explicitly declared by slice","For 'RejectedOrBlockedStateScreen': field identity plus own/assigned/store scope appropriate to app-field; deny route and data when scope fails","inspect assigned visit, capture required checklist/evidence, and submit readiness result","refresh authoritative state; retry safely; preserve permitted draft; open contextual support; return without losing confirmed state","loading|empty|error|permission|offline|retry|success|blocked","offline draft allowed only for checklist/evidence metadata; idempotent online submission required","yes","RejectedOrBlockedStateScreen route, permission, empty/error/offline/retry/success tests plus RTL and small-screen screenshots","INVENTORY_ONLY","Retain until DSH-008 entry gate"
"JRN-053","app-field","app-field","dsh","support-entry","DSH-014","field","app-field canonical navigation","field shell > assigned visit gate > SupportEntryScreen > evidence/checklist draft > online submission, blocked result, or offline retry","services/dsh/frontend/app-field/support-entry/SupportEntryScreen.tsx","NEW_REQUIRED in DSH-008","No local runtime truth; use owning service aggregate/read model only","none unless explicitly declared by slice","For 'SupportEntryScreen': field identity plus own/assigned/store scope appropriate to app-field; deny route and data when scope fails","inspect assigned visit, capture required checklist/evidence, and submit readiness result","refresh authoritative state; retry safely; preserve permitted draft; open contextual support; return without losing confirmed state","loading|empty|error|permission|offline|retry|success|blocked","offline draft allowed only for checklist/evidence metadata; idempotent online submission required","yes","SupportEntryScreen route, permission, empty/error/offline/retry/success tests plus RTL and small-screen screenshots","INVENTORY_ONLY","Retain until DSH-008 entry gate"
"JRN-054","app-field","app-field","dsh","field-onboarding","DSH-008","field","app-field canonical navigation","field shell > assigned visit gate > PartnerIntakeReadinessScreen > evidence/checklist draft > online submission, blocked result, or offline retry","services/dsh/frontend/app-field/field-onboarding/PartnerIntakeReadinessScreen.tsx","NEW_REQUIRED in DSH-006","No local runtime truth; use owning service aggregate/read model only","none unless explicitly declared by slice","For 'PartnerIntakeReadinessScreen': field identity plus own/assigned/store scope appropriate to app-field; deny route and data when scope fails","inspect owned-store order and submit the named partner transition","refresh authoritative state; retry safely; preserve permitted draft; open contextual support; return without losing confirmed state","loading|empty|error|permission|offline|retry|success|blocked","offline draft allowed only for checklist/evidence metadata; idempotent online submission required","yes","PartnerIntakeReadinessScreen route, permission, empty/error/offline/retry/success tests plus RTL and small-screen screenshots","INVENTORY_ONLY","Retain until DSH-006 entry gate"
"JRN-055","app-field","app-field","dsh","field-onboarding","DSH-008","field","app-field canonical navigation","field shell > assigned visit gate > OfflineDraftRecoveryScreen > evidence/checklist draft > online submission, blocked result, or offline retry","services/dsh/frontend/app-field/field-onboarding/OfflineDraftRecoveryScreen.tsx","NEW_REQUIRED in DSH-008","No local runtime truth; use owning service aggregate/read model only","none unless explicitly declared by slice","For 'OfflineDraftRecoveryScreen': field identity plus own/assigned/store scope appropriate to app-field; deny route and data when scope fails","inspect assigned visit, capture required checklist/evidence, and submit readiness result","refresh authoritative state; retry safely; preserve permitted draft; open contextual support; return without losing confirmed state","loading|empty|error|permission|offline|retry|success|blocked","offline draft allowed only for checklist/evidence metadata; idempotent online submission required","yes","OfflineDraftRecoveryScreen route, permission, empty/error/offline/retry/success tests plus RTL and small-screen screenshots","INVENTORY_ONLY","Retain until DSH-008 entry gate"
"JRN-056","app-field","app-field","dsh","field-onboarding","DSH-008","field","app-field canonical navigation","field shell > assigned visit gate > AssignmentConflictScreen > evidence/checklist draft > online submission, blocked result, or offline retry","services/dsh/frontend/app-field/field-onboarding/AssignmentConflictScreen.tsx","NEW_REQUIRED in DSH-007","No local runtime truth; use owning service aggregate/read model only","none unless explicitly declared by slice","For 'AssignmentConflictScreen': field identity plus own/assigned/store scope appropriate to app-field; deny route and data when scope fails","inspect assigned task and submit only the permitted lifecycle transition","refresh authoritative state; retry safely; preserve permitted draft; open contextual support; return without losing confirmed state","loading|empty|error|permission|offline|retry|success|blocked","offline draft allowed only for checklist/evidence metadata; idempotent online submission required","yes","AssignmentConflictScreen route, permission, empty/error/offline/retry/success tests plus RTL and small-screen screenshots","INVENTORY_ONLY","Retain until DSH-007 entry gate"
"JRN-057","app-field","app-field","dsh","field-onboarding","DSH-008","field","app-field canonical navigation","field shell > assigned visit gate > EvidenceUploadRetryScreen > evidence/checklist draft > online submission, blocked result, or offline retry","services/dsh/frontend/app-field/field-onboarding/EvidenceUploadRetryScreen.tsx","NEW_REQUIRED in DSH-008","No local runtime truth; use owning service aggregate/read model only","none unless explicitly declared by slice","For 'EvidenceUploadRetryScreen': field identity plus own/assigned/store scope appropriate to app-field; deny route and data when scope fails","inspect assigned visit, capture required checklist/evidence, and submit readiness result","refresh authoritative state; retry safely; preserve permitted draft; open contextual support; return without losing confirmed state","loading|empty|error|permission|offline|retry|success|blocked","offline draft allowed only for checklist/evidence metadata; idempotent online submission required","yes","EvidenceUploadRetryScreen route, permission, empty/error/offline/retry/success tests plus RTL and small-screen screenshots","INVENTORY_ONLY","Retain until DSH-008 entry gate"
